filename,severity,xmin,ymin,xmax,ymax,img_number
img-1.jpg,medium_pothole,213,240,525,378,1
img-2.jpg,medium_pothole,307,234,458,325,2
img-2.jpg,minor_pothole,264,299,363,382,2
img-2.jpg,minor_pothole,190,423,257,503,2
img-3.jpg,medium_pothole,273,264,497,468,3
img-4.jpg,medium_pothole,177,273,576,539,4
img-5.jpg,medium_pothole,233,315,528,412,5
img-5.jpg,minor_pothole,125,453,212,507,5
img-6.jpg,minor_pothole,264,322,502,608,6
img-6.jpg,medium_pothole,276,215,443,357,6
img-7.jpg,major_pothole,140,198,512,373,7
img-8.jpg,medium_pothole,383,273,498,391,8
img-8.jpg,medium_pothole,196,311,387,449,8
img-9.jpg,medium_pothole,264,289,480,416,9
img-9.jpg,medium_pothole,388,37,498,84,9
img-10.jpg,medium_pothole,285,214,444,355,10
img-11.jpg,medium_pothole,223,245,466,489,11
img-12.jpg,medium_pothole,278,373,535,639,12
img-13.jpg,medium_pothole,269,150,499,219,13
img-13.jpg,minor_pothole,490,27,594,65,13
img-13.jpg,medium_pothole,160,288,396,433,13
img-13.jpg,medium_pothole,619,11,693,39,13
img-14.jpg,minor_pothole,35,196,142,258,14
img-14.jpg,medium_pothole,144,246,636,524,14
img-15.jpg,medium_pothole,249,322,462,433,15
img-16.jpg,medium_pothole,258,279,452,460,16
img-17.jpg,medium_pothole,124,313,416,507,17
img-17.jpg,minor_pothole,522,239,675,358,17
img-18.jpg,medium_pothole,309,332,487,421,18
img-18.jpg,minor_pothole,0,80,52,111,18
img-18.jpg,minor_pothole,55,108,147,152,18
img-18.jpg,medium_pothole,269,215,405,301,18
img-18.jpg,minor_pothole,134,487,218,546,18
img-19.jpg,medium_pothole,162,395,297,486,19
img-19.jpg,medium_pothole,270,227,417,339,19
img-20.jpg,minor_pothole,231,248,345,313,20
img-20.jpg,minor_pothole,157,183,219,227,20
img-20.jpg,medium_pothole,275,304,440,425,20
img-21.jpg,medium_pothole,244,262,504,534,21
img-21.jpg,minor_pothole,0,595,157,719,21
img-22.jpg,medium_pothole,257,348,422,602,22
img-23.jpg,major_pothole,175,183,607,332,23
img-23.jpg,minor_pothole,118,169,172,195,23
img-23.jpg,minor_pothole,0,12,67,52,23
img-23.jpg,minor_pothole,173,551,343,711,23
img-23.jpg,minor_pothole,284,138,443,189,23
img-24.jpg,minor_pothole,348,73,449,133,24
img-24.jpg,medium_pothole,284,313,418,421,24
img-25.jpg,medium_pothole,215,257,597,481,25
img-26.jpg,minor_pothole,662,320,720,369,26
img-26.jpg,medium_pothole,288,296,434,411,26
img-27.jpg,medium_pothole,305,325,398,408,27
img-28.jpg,medium_pothole,288,260,451,393,28
img-28.jpg,minor_pothole,504,165,571,229,28
img-28.jpg,medium_pothole,595,111,666,156,28
img-28.jpg,minor_pothole,641,385,715,462,28
img-29.jpg,minor_pothole,302,270,456,385,29
img-29.jpg,minor_pothole,426,374,497,430,29
img-30.jpg,major_pothole,266,252,456,483,30
img-30.jpg,minor_pothole,0,179,44,240,30
img-30.jpg,minor_pothole,233,112,281,157,30
img-31.jpg,medium_pothole,229,280,439,411,31
img-32.jpg,medium_pothole,254,278,505,501,32
img-32.jpg,minor_pothole,110,147,253,234,32
img-33.jpg,medium_pothole,255,258,433,358,33
img-33.jpg,minor_pothole,524,339,638,429,33
img-34.jpg,major_pothole,99,244,611,570,34
img-35.jpg,medium_pothole,273,275,423,354,35
img-36.jpg,medium_pothole,258,335,417,506,36
img-37.jpg,minor_pothole,537,285,626,333,37
img-37.jpg,medium_pothole,305,273,525,331,37
img-37.jpg,medium_pothole,180,323,396,425,37
img-38.jpg,medium_pothole,239,220,465,447,38
img-38.jpg,minor_pothole,397,168,462,211,38
img-39.jpg,medium_pothole,204,211,470,503,39
img-40.jpg,medium_pothole,270,224,478,477,40
img-41.jpg,medium_pothole,167,233,562,399,41
img-41.jpg,medium_pothole,506,118,720,200,41
img-42.jpg,major_pothole,41,265,386,381,42
img-42.jpg,medium_pothole,368,386,509,480,42
img-43.jpg,minor_pothole,0,127,58,207,43
img-43.jpg,medium_pothole,156,465,328,720,43
img-43.jpg,major_pothole,257,115,545,263,43
img-44.jpg,medium_pothole,283,248,439,342,44
img-44.jpg,minor_pothole,473,200,571,248,44
img-45.jpg,medium_pothole,245,299,422,397,45
img-46.jpg,medium_pothole,215,349,434,472,46
img-47.jpg,medium_pothole,231,241,467,385,47
img-48.jpg,minor_pothole,389,396,489,468,48
img-48.jpg,medium_pothole,173,301,429,396,48
img-49.jpg,minor_pothole,110,135,257,208,49
img-49.jpg,medium_pothole,239,302,491,524,49
img-50.jpg,medium_pothole,276,272,394,344,50
img-51.jpg,medium_pothole,273,284,439,387,51
img-51.jpg,minor_pothole,389,387,490,493,51
img-52.jpg,minor_pothole,262,420,360,478,52
img-52.jpg,medium_pothole,289,297,499,423,52
img-53.jpg,minor_pothole,580,446,670,573,53
img-53.jpg,medium_pothole,213,248,458,464,53
img-54.jpg,medium_pothole,245,296,498,506,54
img-55.jpg,minor_pothole,0,27,201,141,55
img-55.jpg,minor_pothole,404,169,477,222,55
img-55.jpg,minor_pothole,290,306,473,419,55
img-55.jpg,minor_pothole,150,395,247,448,55
img-55.jpg,minor_pothole,96,452,172,503,55
img-56.jpg,minor_pothole,411,73,451,90,56
img-56.jpg,medium_pothole,268,275,457,376,56
img-57.jpg,medium_pothole,274,296,437,391,57
img-58.jpg,minor_pothole,96,132,220,191,58
img-58.jpg,medium_pothole,249,297,402,416,58
img-58.jpg,medium_pothole,482,6,536,45,58
img-59.jpg,medium_pothole,218,237,522,411,59
img-59.jpg,minor_pothole,249,456,426,567,59
img-60.jpg,minor_pothole,364,426,432,471,60
img-60.jpg,medium_pothole,308,282,443,404,60
img-61.jpg,medium_pothole,277,265,401,341,61
img-62.jpg,medium_pothole,211,341,373,506,62
img-62.jpg,major_pothole,251,217,382,327,62
img-63.jpg,medium_pothole,270,259,471,390,63
img-64.jpg,medium_pothole,209,333,456,476,64
img-65.jpg,medium_pothole,233,357,492,504,65
img-66.jpg,medium_pothole,414,212,504,306,66
img-66.jpg,minor_pothole,137,47,207,119,66
img-66.jpg,minor_pothole,287,160,320,185,66
img-66.jpg,major_pothole,244,198,485,467,66
img-66.jpg,minor_pothole,374,27,435,66,66
img-66.jpg,minor_pothole,59,30,122,52,66
img-67.jpg,medium_pothole,160,282,379,449,67
img-67.jpg,major_pothole,445,169,622,320,67
img-67.jpg,minor_pothole,552,0,705,47,67
img-68.jpg,medium_pothole,206,156,379,191,68
img-68.jpg,medium_pothole,331,255,564,404,68
img-69.jpg,minor_pothole,154,35,271,105,69
img-69.jpg,medium_pothole,330,332,441,437,69
img-70.jpg,medium_pothole,255,250,456,356,70
img-70.jpg,minor_pothole,456,287,545,350,70
img-71.jpg,medium_pothole,290,327,435,443,71
img-71.jpg,minor_pothole,638,541,720,590,71
img-72.jpg,medium_pothole,260,287,493,433,72
img-73.jpg,major_pothole,249,82,404,137,73
img-73.jpg,medium_pothole,236,325,474,516,73
img-74.jpg,medium_pothole,311,322,415,378,74
img-75.jpg,medium_pothole,285,291,418,398,75
img-76.jpg,medium_pothole,194,211,377,359,76
img-76.jpg,medium_pothole,319,323,461,486,76
img-77.jpg,medium_pothole,257,359,407,471,77
img-77.jpg,medium_pothole,253,15,329,49,77
img-77.jpg,medium_pothole,470,351,720,720,77
img-77.jpg,medium_pothole,162,256,353,413,77
img-78.jpg,medium_pothole,284,272,485,443,78
img-78.jpg,minor_pothole,146,171,202,251,78
img-79.jpg,major_pothole,106,236,609,449,79
img-80.jpg,medium_pothole,216,226,449,421,80
img-81.jpg,medium_pothole,235,327,526,464,81
img-81.jpg,minor_pothole,237,243,378,325,81
img-82.jpg,medium_pothole,221,182,470,395,82
img-82.jpg,minor_pothole,453,85,514,121,82
img-83.jpg,medium_pothole,276,263,468,474,83
img-84.jpg,medium_pothole,269,344,385,438,84
img-84.jpg,medium_pothole,209,235,351,340,84
img-84.jpg,minor_pothole,74,603,223,716,84
img-85.jpg,medium_pothole,231,289,383,381,85
img-85.jpg,minor_pothole,441,292,510,357,85
img-86.jpg,medium_pothole,357,378,514,464,86
img-86.jpg,major_pothole,230,282,395,395,86
img-87.jpg,major_pothole,235,265,440,530,87
img-88.jpg,medium_pothole,263,314,391,486,88
img-89.jpg,minor_pothole,573,466,648,550,89
img-89.jpg,medium_pothole,228,249,438,387,89
img-90.jpg,medium_pothole,264,337,476,491,90
img-91.jpg,medium_pothole,296,315,386,421,91
img-92.jpg,medium_pothole,171,279,524,493,92
img-93.jpg,medium_pothole,2,37,139,114,93
img-93.jpg,medium_pothole,158,284,483,464,93
img-93.jpg,medium_pothole,0,141,141,261,93
img-94.jpg,medium_pothole,180,305,509,426,94
img-95.jpg,minor_pothole,110,180,259,345,95
img-95.jpg,medium_pothole,288,233,440,366,95
img-96.jpg,medium_pothole,257,306,382,409,96
img-97.jpg,medium_pothole,188,166,312,184,97
img-97.jpg,major_pothole,245,263,477,348,97
img-97.jpg,medium_pothole,151,87,237,127,97
img-98.jpg,medium_pothole,653,345,720,420,98
img-98.jpg,minor_pothole,505,44,585,101,98
img-98.jpg,medium_pothole,234,243,492,426,98
img-98.jpg,medium_pothole,547,272,720,394,98
img-99.jpg,medium_pothole,228,269,478,474,99
img-100.jpg,minor_pothole,235,272,434,388,100
img-101.jpg,minor_pothole,397,317,554,411,101
img-101.jpg,medium_pothole,228,303,394,432,101
img-102.jpg,minor_pothole,230,246,492,550,102
img-103.jpg,medium_pothole,264,251,479,366,103
img-104.jpg,minor_pothole,441,433,506,492,104
img-104.jpg,major_pothole,235,164,480,335,104
img-105.jpg,minor_pothole,293,296,444,409,105
img-105.jpg,minor_pothole,297,453,340,490,105
img-106.jpg,medium_pothole,144,168,511,475,106
img-106.jpg,minor_pothole,492,141,605,305,106
img-107.jpg,medium_pothole,230,286,456,459,107
img-108.jpg,minor_pothole,672,481,720,544,108
img-108.jpg,major_pothole,270,198,442,326,108
img-108.jpg,minor_pothole,232,261,305,328,108
img-108.jpg,minor_pothole,266,573,384,695,108
img-108.jpg,minor_pothole,513,187,572,219,108
img-109.jpg,minor_pothole,60,428,228,522,109
img-109.jpg,medium_pothole,282,362,454,528,109
img-109.jpg,medium_pothole,337,244,451,337,109
img-110.jpg,minor_pothole,82,184,180,211,110
img-110.jpg,medium_pothole,224,290,638,411,110
img-111.jpg,minor_pothole,11,489,92,596,111
img-111.jpg,minor_pothole,237,318,402,470,111
img-111.jpg,minor_pothole,337,265,425,319,111
img-112.jpg,medium_pothole,176,171,513,301,112
img-113.jpg,major_pothole,90,142,595,459,113
img-114.jpg,minor_pothole,271,260,403,373,114
img-115.jpg,medium_pothole,230,275,454,394,115
img-116.jpg,medium_pothole,295,265,530,411,116
img-116.jpg,minor_pothole,90,478,181,573,116
img-117.jpg,minor_pothole,280,270,404,517,117
img-117.jpg,minor_pothole,271,49,379,87,117
img-118.jpg,major_pothole,155,151,504,595,118
img-119.jpg,minor_pothole,144,597,302,720,119
img-119.jpg,medium_pothole,188,212,395,389,119
img-120.jpg,medium_pothole,242,346,492,440,120
img-121.jpg,medium_pothole,159,230,331,352,121
img-121.jpg,minor_pothole,523,498,580,558,121
img-121.jpg,medium_pothole,270,368,498,547,121
img-122.jpg,medium_pothole,260,288,476,430,122
img-123.jpg,medium_pothole,459,267,641,436,123
img-124.jpg,minor_pothole,169,32,269,80,124
img-124.jpg,major_pothole,213,236,504,492,124
img-124.jpg,minor_pothole,456,329,575,450,124
img-124.jpg,minor_pothole,513,218,554,247,124
img-124.jpg,minor_pothole,519,33,607,146,124
img-124.jpg,minor_pothole,60,184,150,243,124
img-124.jpg,minor_pothole,237,0,273,25,124
img-125.jpg,minor_pothole,293,302,461,410,125
img-125.jpg,minor_pothole,180,73,272,107,125
img-125.jpg,minor_pothole,184,111,279,150,125
img-126.jpg,minor_pothole,479,147,560,211,126
img-126.jpg,medium_pothole,226,284,461,416,126
img-126.jpg,minor_pothole,0,209,48,235,126
img-127.jpg,medium_pothole,357,306,537,398,127
img-127.jpg,medium_pothole,221,329,326,411,127
img-127.jpg,minor_pothole,321,417,504,552,127
img-128.jpg,medium_pothole,269,203,437,399,128
img-129.jpg,minor_pothole,248,285,351,374,129
img-129.jpg,minor_pothole,329,378,427,431,129
img-130.jpg,medium_pothole,295,270,426,340,130
img-130.jpg,minor_pothole,401,236,449,271,130
img-131.jpg,medium_pothole,271,383,374,471,131
img-132.jpg,minor_pothole,0,195,45,236,132
img-132.jpg,medium_pothole,97,222,584,434,132
img-133.jpg,medium_pothole,305,287,436,348,133
img-134.jpg,medium_pothole,290,274,422,399,134
img-134.jpg,minor_pothole,125,41,215,121,134
img-135.jpg,minor_pothole,270,200,354,249,135
img-135.jpg,medium_pothole,513,53,720,142,135
img-135.jpg,minor_pothole,514,431,619,509,135
img-135.jpg,medium_pothole,149,293,520,489,135
img-136.jpg,medium_pothole,290,261,400,390,136
img-137.jpg,medium_pothole,299,279,461,421,137
img-138.jpg,medium_pothole,324,312,438,368,138
img-139.jpg,medium_pothole,278,260,429,397,139
img-140.jpg,medium_pothole,165,74,420,188,140
img-140.jpg,minor_pothole,304,342,505,489,140
img-141.jpg,minor_pothole,207,293,325,380,141
img-141.jpg,minor_pothole,283,359,427,464,141
img-141.jpg,minor_pothole,0,168,141,279,141
img-141.jpg,minor_pothole,400,444,504,523,141
img-142.jpg,medium_pothole,181,299,538,397,142
img-143.jpg,minor_pothole,275,318,441,426,143
img-144.jpg,minor_pothole,31,201,103,246,144
img-144.jpg,medium_pothole,259,354,429,464,144
img-145.jpg,minor_pothole,288,320,435,411,145
img-146.jpg,medium_pothole,153,253,439,421,146
img-147.jpg,medium_pothole,312,299,410,418,147
img-147.jpg,minor_pothole,413,220,479,278,147
img-148.jpg,medium_pothole,254,246,385,383,148
img-148.jpg,minor_pothole,663,121,720,161,148
img-149.jpg,medium_pothole,195,233,506,351,149
img-150.jpg,medium_pothole,216,279,559,400,150
img-151.jpg,minor_pothole,269,269,483,409,151
img-152.jpg,minor_pothole,309,313,496,369,152
img-152.jpg,minor_pothole,385,496,508,555,152
img-152.jpg,minor_pothole,261,262,343,306,152
img-152.jpg,minor_pothole,470,607,584,692,152
img-152.jpg,minor_pothole,201,629,290,683,152
img-153.jpg,minor_pothole,297,297,425,387,153
img-154.jpg,medium_pothole,94,242,539,642,154
img-155.jpg,minor_pothole,407,474,533,608,155
img-155.jpg,minor_pothole,247,330,309,393,155
img-155.jpg,medium_pothole,420,248,583,378,155
img-156.jpg,medium_pothole,204,255,452,425,156
img-156.jpg,minor_pothole,448,145,573,193,156
img-157.jpg,medium_pothole,243,260,437,379,157
img-157.jpg,minor_pothole,202,207,266,241,157
img-158.jpg,minor_pothole,158,337,293,422,158
img-158.jpg,medium_pothole,297,292,462,409,158
img-159.jpg,minor_pothole,423,577,481,620,159
img-159.jpg,medium_pothole,304,304,437,407,159
img-159.jpg,minor_pothole,225,202,346,288,159
img-160.jpg,minor_pothole,491,1,683,165,160
img-160.jpg,minor_pothole,371,289,523,428,160
img-160.jpg,minor_pothole,233,395,443,541,160
img-160.jpg,minor_pothole,581,131,693,232,160
img-161.jpg,medium_pothole,281,289,420,383,161
img-162.jpg,medium_pothole,221,246,480,386,162
img-163.jpg,minor_pothole,662,216,720,267,163
img-163.jpg,medium_pothole,257,282,517,487,163
img-164.jpg,major_pothole,220,286,489,424,164
img-165.jpg,medium_pothole,225,311,486,446,165
img-166.jpg,minor_pothole,64,305,119,358,166
img-166.jpg,medium_pothole,250,274,468,426,166
img-167.jpg,minor_pothole,166,403,321,500,167
img-167.jpg,medium_pothole,279,263,470,407,167
img-167.jpg,minor_pothole,202,56,276,84,167
img-168.jpg,minor_pothole,79,95,146,139,168
img-168.jpg,medium_pothole,242,262,475,358,168
img-169.jpg,medium_pothole,154,259,465,418,169
img-170.jpg,minor_pothole,330,243,429,291,170
img-170.jpg,minor_pothole,230,495,377,589,170
img-171.jpg,medium_pothole,244,191,485,347,171
img-172.jpg,medium_pothole,223,342,576,558,172
img-172.jpg,minor_pothole,38,1,171,39,172
img-172.jpg,minor_pothole,0,1,77,61,172
img-172.jpg,minor_pothole,13,184,105,273,172
img-172.jpg,minor_pothole,208,69,384,143,172
img-173.jpg,medium_pothole,211,363,509,456,173
img-173.jpg,medium_pothole,226,251,488,359,173
img-174.jpg,medium_pothole,259,371,533,504,174
img-175.jpg,medium_pothole,392,277,535,469,175
img-175.jpg,medium_pothole,178,230,405,438,175
img-175.jpg,minor_pothole,416,18,498,95,175
img-176.jpg,minor_pothole,63,267,173,337,176
img-176.jpg,medium_pothole,257,283,454,401,176
img-177.jpg,medium_pothole,255,248,444,366,177
img-178.jpg,minor_pothole,0,343,77,408,178
img-178.jpg,minor_pothole,12,412,163,491,178
img-178.jpg,medium_pothole,261,315,453,417,178
img-179.jpg,medium_pothole,295,249,457,468,179
img-179.jpg,minor_pothole,205,221,300,383,179
img-179.jpg,minor_pothole,274,27,381,140,179
img-179.jpg,minor_pothole,573,59,673,126,179
img-179.jpg,minor_pothole,94,239,215,375,179
img-180.jpg,medium_pothole,218,279,507,421,180
img-181.jpg,medium_pothole,291,333,466,455,181
img-182.jpg,minor_pothole,417,647,551,720,182
img-182.jpg,minor_pothole,0,216,99,311,182
img-182.jpg,medium_pothole,285,287,443,442,182
img-183.jpg,medium_pothole,175,224,489,466,183
img-184.jpg,minor_pothole,84,0,117,10,184
img-184.jpg,minor_pothole,58,13,85,24,184
img-184.jpg,minor_pothole,0,3,16,13,184
img-184.jpg,minor_pothole,11,0,34,4,184
img-184.jpg,minor_pothole,35,0,70,10,184
img-184.jpg,minor_pothole,23,24,52,34,184
img-184.jpg,minor_pothole,55,30,109,54,184
img-184.jpg,minor_pothole,0,46,36,68,184
img-184.jpg,medium_pothole,300,255,394,322,184
img-184.jpg,minor_pothole,530,145,558,164,184
img-184.jpg,minor_pothole,362,572,403,606,184
img-185.jpg,major_pothole,261,269,483,476,185
img-186.jpg,medium_pothole,441,263,684,385,186
img-186.jpg,major_pothole,122,316,412,453,186
img-187.jpg,medium_pothole,233,282,472,420,187
img-188.jpg,minor_pothole,432,258,588,350,188
img-188.jpg,medium_pothole,299,349,430,438,188
img-188.jpg,medium_pothole,266,227,410,329,188
img-189.jpg,medium_pothole,261,278,468,412,189
img-190.jpg,medium_pothole,161,253,472,443,190
img-190.jpg,medium_pothole,472,419,630,506,190
img-191.jpg,medium_pothole,271,335,467,494,191
img-191.jpg,medium_pothole,272,237,393,297,191
img-191.jpg,minor_pothole,163,402,235,446,191
img-192.jpg,medium_pothole,276,294,415,397,192
img-193.jpg,minor_pothole,566,380,638,418,193
img-193.jpg,medium_pothole,272,347,361,400,193
img-194.jpg,medium_pothole,261,290,469,419,194
img-195.jpg,medium_pothole,182,266,437,481,195
img-195.jpg,medium_pothole,117,147,276,219,195
img-196.jpg,minor_pothole,301,229,462,305,196
img-196.jpg,minor_pothole,470,200,535,238,196
img-196.jpg,medium_pothole,274,301,490,416,196
img-197.jpg,medium_pothole,205,400,364,524,197
img-197.jpg,medium_pothole,338,346,485,443,197
img-197.jpg,medium_pothole,459,320,539,375,197
img-198.jpg,medium_pothole,140,273,367,356,198
img-198.jpg,minor_pothole,194,224,349,277,198
img-198.jpg,medium_pothole,370,378,600,483,198
img-198.jpg,minor_pothole,301,356,351,396,198
img-199.jpg,medium_pothole,245,312,427,552,199
img-199.jpg,minor_pothole,420,308,529,402,199
img-200.jpg,minor_pothole,273,319,406,392,200
img-200.jpg,minor_pothole,398,293,501,360,200
img-200.jpg,minor_pothole,202,358,288,403,200
img-200.jpg,minor_pothole,665,165,720,229,200
img-201.jpg,medium_pothole,218,224,588,516,201
img-202.jpg,minor_pothole,297,670,370,718,202
img-202.jpg,minor_pothole,292,374,372,451,202
img-202.jpg,minor_pothole,152,509,204,564,202
img-202.jpg,minor_pothole,294,47,380,158,202
img-202.jpg,minor_pothole,302,236,413,292,202
img-202.jpg,minor_pothole,285,296,408,376,202
img-202.jpg,minor_pothole,39,481,95,589,202
img-203.jpg,minor_pothole,619,302,684,366,203
img-203.jpg,minor_pothole,397,231,598,325,203
img-203.jpg,minor_pothole,185,296,425,403,203
img-204.jpg,minor_pothole,190,175,358,315,204
img-204.jpg,minor_pothole,281,381,447,519,204
img-205.jpg,medium_pothole,274,166,715,384,205
img-205.jpg,minor_pothole,0,412,326,607,205
img-206.jpg,medium_pothole,216,291,487,464,206
img-206.jpg,minor_pothole,76,658,237,720,206
img-207.jpg,medium_pothole,183,269,554,503,207
img-207.jpg,minor_pothole,324,569,489,719,207
img-208.jpg,minor_pothole,415,368,533,511,208
img-208.jpg,minor_pothole,287,158,446,294,208
img-208.jpg,minor_pothole,271,437,419,584,208
img-209.jpg,medium_pothole,297,206,507,399,209
img-210.jpg,major_pothole,194,123,518,455,210
img-210.jpg,minor_pothole,22,633,143,720,210
img-211.jpg,medium_pothole,234,262,532,438,211
img-212.jpg,medium_pothole,283,256,484,442,212
img-213.jpg,medium_pothole,244,238,472,440,213
img-214.jpg,medium_pothole,256,298,402,415,214
img-215.jpg,medium_pothole,213,202,371,373,215
img-216.jpg,minor_pothole,456,440,553,494,216
img-216.jpg,minor_pothole,257,136,402,223,216
img-216.jpg,minor_pothole,300,284,483,375,216
img-217.jpg,medium_pothole,354,380,449,483,217
img-217.jpg,minor_pothole,283,531,368,606,217
img-218.jpg,medium_pothole,264,264,422,435,218
img-218.jpg,minor_pothole,624,68,720,116,218
img-219.jpg,medium_pothole,192,253,494,391,219
img-220.jpg,medium_pothole,193,249,463,423,220
img-220.jpg,medium_pothole,435,628,602,704,220
img-221.jpg,medium_pothole,257,315,387,401,221
img-221.jpg,medium_pothole,260,132,303,169,221
img-222.jpg,medium_pothole,254,223,445,498,222
img-223.jpg,medium_pothole,327,315,436,428,223
img-224.jpg,medium_pothole,257,300,463,471,224
img-225.jpg,minor_pothole,390,18,453,48,225
img-225.jpg,minor_pothole,347,0,377,19,225
img-225.jpg,minor_pothole,86,125,124,145,225
img-225.jpg,medium_pothole,278,246,380,322,225
img-226.jpg,medium_pothole,190,325,437,491,226
img-227.jpg,medium_pothole,205,205,472,333,227
img-227.jpg,major_pothole,26,539,720,720,227
img-228.jpg,medium_pothole,265,266,495,464,228
img-229.jpg,minor_pothole,0,550,123,673,229
img-229.jpg,minor_pothole,279,268,399,338,229
img-229.jpg,medium_pothole,320,316,490,426,229
img-230.jpg,minor_pothole,201,120,272,144,230
img-230.jpg,medium_pothole,422,131,508,164,230
img-230.jpg,medium_pothole,251,320,475,441,230
img-231.jpg,minor_pothole,336,67,422,97,231
img-231.jpg,medium_pothole,245,219,483,390,231
img-232.jpg,minor_pothole,92,15,135,42,232
img-232.jpg,minor_pothole,412,0,478,41,232
img-232.jpg,minor_pothole,221,495,391,664,232
img-232.jpg,minor_pothole,317,160,410,236,232
img-233.jpg,minor_pothole,380,206,444,248,233
img-233.jpg,medium_pothole,270,250,470,402,233
img-234.jpg,medium_pothole,298,323,410,403,234
img-235.jpg,minor_pothole,228,197,503,464,235
img-236.jpg,minor_pothole,247,231,410,350,236
img-236.jpg,minor_pothole,24,136,139,211,236
img-236.jpg,minor_pothole,278,423,499,619,236
img-237.jpg,minor_pothole,688,411,720,500,237
img-237.jpg,minor_pothole,0,562,102,662,237
img-237.jpg,minor_pothole,156,376,221,419,237
img-237.jpg,major_pothole,251,191,509,397,237
img-237.jpg,minor_pothole,213,219,333,301,237
img-238.jpg,medium_pothole,203,311,480,435,238
img-239.jpg,medium_pothole,232,272,455,404,239
img-240.jpg,minor_pothole,332,28,367,56,240
img-240.jpg,medium_pothole,281,243,456,457,240
img-240.jpg,minor_pothole,387,23,426,42,240
img-240.jpg,minor_pothole,384,44,420,59,240
img-241.jpg,medium_pothole,207,108,304,166,241
img-241.jpg,medium_pothole,357,201,522,311,241
img-241.jpg,minor_pothole,393,345,527,423,241
img-241.jpg,minor_pothole,420,541,519,683,241
img-241.jpg,minor_pothole,494,211,644,292,241
img-241.jpg,major_pothole,221,320,391,481,241
img-241.jpg,minor_pothole,334,279,403,315,241
img-242.jpg,medium_pothole,214,317,487,474,242
img-243.jpg,medium_pothole,242,339,462,409,243
img-244.jpg,medium_pothole,240,307,465,492,244
img-244.jpg,minor_pothole,578,342,720,455,244
img-245.jpg,medium_pothole,246,295,409,411,245
img-245.jpg,minor_pothole,360,222,463,311,245
img-246.jpg,medium_pothole,188,273,437,414,246
img-246.jpg,minor_pothole,298,141,458,257,246
img-247.jpg,medium_pothole,261,275,449,397,247
img-248.jpg,medium_pothole,125,247,475,421,248
img-248.jpg,minor_pothole,581,50,720,106,248
img-248.jpg,minor_pothole,212,44,333,83,248
img-249.jpg,medium_pothole,222,292,475,479,249
img-250.jpg,medium_pothole,129,274,619,481,250
img-251.jpg,medium_pothole,213,291,577,523,251
img-252.jpg,medium_pothole,119,165,311,251,252
img-252.jpg,medium_pothole,510,379,631,452,252
img-252.jpg,medium_pothole,396,446,580,567,252
img-253.jpg,medium_pothole,241,303,600,397,253
img-254.jpg,medium_pothole,221,270,470,414,254
img-255.jpg,medium_pothole,282,312,419,368,255
img-256.jpg,medium_pothole,223,387,382,577,256
img-256.jpg,medium_pothole,333,54,429,152,256
img-257.jpg,medium_pothole,261,310,415,505,257
img-257.jpg,minor_pothole,425,108,486,143,257
img-258.jpg,medium_pothole,260,306,465,411,258
img-259.jpg,minor_pothole,192,107,255,165,259
img-259.jpg,medium_pothole,249,243,464,413,259
img-260.jpg,medium_pothole,197,272,449,378,260
img-261.jpg,medium_pothole,213,251,483,409,261
img-262.jpg,medium_pothole,276,263,377,349,262
img-263.jpg,medium_pothole,228,241,444,362,263
img-264.jpg,medium_pothole,211,186,497,372,264
img-265.jpg,minor_pothole,38,354,112,417,265
img-265.jpg,medium_pothole,321,311,563,433,265
img-265.jpg,minor_pothole,81,198,241,303,265
img-266.jpg,medium_pothole,228,263,465,421,266
img-266.jpg,minor_pothole,531,487,590,534,266
img-267.jpg,minor_pothole,264,281,378,356,267
img-267.jpg,medium_pothole,607,0,720,35,267
img-267.jpg,medium_pothole,330,351,452,515,267
img-267.jpg,minor_pothole,67,352,261,494,267
img-268.jpg,major_pothole,258,195,494,414,268
img-269.jpg,medium_pothole,278,323,386,435,269
img-269.jpg,minor_pothole,602,497,661,553,269
img-270.jpg,medium_pothole,273,282,420,375,270
img-270.jpg,minor_pothole,0,66,135,120,270
img-271.jpg,major_pothole,168,239,531,403,271
img-272.jpg,medium_pothole,264,265,470,382,272
img-272.jpg,minor_pothole,578,308,720,385,272
img-273.jpg,medium_pothole,294,326,446,390,273
img-273.jpg,minor_pothole,161,578,720,720,273
img-274.jpg,minor_pothole,353,240,475,298,274
img-274.jpg,medium_pothole,189,323,419,406,274
img-274.jpg,minor_pothole,141,223,301,292,274
img-275.jpg,medium_pothole,235,279,548,446,275
img-276.jpg,medium_pothole,266,307,485,483,276
img-277.jpg,medium_pothole,263,294,405,374,277
img-278.jpg,medium_pothole,407,140,498,251,278
img-278.jpg,medium_pothole,210,387,301,507,278
img-279.jpg,medium_pothole,302,291,441,417,279
img-280.jpg,medium_pothole,243,280,449,438,280
img-281.jpg,medium_pothole,158,235,575,392,281
img-282.jpg,minor_pothole,160,396,249,483,282
img-282.jpg,medium_pothole,256,224,412,360,282
img-283.jpg,minor_pothole,103,112,211,159,283
img-283.jpg,medium_pothole,215,269,427,422,283
img-283.jpg,minor_pothole,441,224,496,274,283
img-284.jpg,medium_pothole,256,258,456,425,284
img-284.jpg,minor_pothole,160,278,245,452,284
img-285.jpg,medium_pothole,242,268,456,473,285
img-286.jpg,medium_pothole,192,77,212,92,286
img-286.jpg,major_pothole,143,159,234,205,286
img-286.jpg,major_pothole,194,210,249,232,286
img-287.jpg,major_pothole,15,90,353,282,287
img-288.jpg,medium_pothole,435,223,529,268,288
img-288.jpg,medium_pothole,217,27,283,67,288
img-288.jpg,minor_pothole,309,237,418,287,288
img-288.jpg,medium_pothole,331,33,386,58,288
img-288.jpg,minor_pothole,201,179,231,195,288
img-289.jpg,major_pothole,91,275,198,391,289
img-290.jpg,major_pothole,1,154,533,300,290
img-291.jpg,medium_pothole,66,188,389,300,291
img-292.jpg,medium_pothole,22,17,65,33,292
img-292.jpg,major_pothole,5,138,164,239,292
img-292.jpg,medium_pothole,20,1,59,8,292
img-293.jpg,minor_pothole,52,215,124,245,293
img-293.jpg,minor_pothole,102,109,161,129,293
img-293.jpg,major_pothole,161,135,264,185,293
img-293.jpg,medium_pothole,298,82,345,98,293
img-294.jpg,minor_pothole,196,191,212,202,294
img-294.jpg,major_pothole,263,238,299,256,294
img-294.jpg,major_pothole,351,252,430,292,294
img-294.jpg,minor_pothole,174,194,190,202,294
img-295.jpg,major_pothole,67,110,465,268,295
img-296.jpg,major_pothole,15,19,510,300,296
img-297.jpg,minor_pothole,271,122,309,141,297
img-297.jpg,medium_pothole,245,96,287,110,297
img-297.jpg,medium_pothole,183,142,333,189,297
img-297.jpg,medium_pothole,89,201,407,298,297
img-297.jpg,minor_pothole,288,108,321,126,297
img-298.jpg,major_pothole,104,83,221,127,298
img-298.jpg,medium_pothole,265,125,332,155,298
img-299.jpg,major_pothole,201,37,317,121,299
img-299.jpg,minor_pothole,15,1,178,74,299
img-299.jpg,major_pothole,41,123,245,291,299
img-300.jpg,major_pothole,1,192,300,287,300
img-300.jpg,major_pothole,94,81,157,96,300
img-300.jpg,major_pothole,2,112,147,129,300
img-300.jpg,major_pothole,22,144,252,186,300
img-301.jpg,minor_pothole,441,198,482,218,301
img-301.jpg,minor_pothole,491,283,534,300,301
img-301.jpg,minor_pothole,479,188,533,202,301
img-301.jpg,major_pothole,245,177,393,248,301
img-301.jpg,major_pothole,422,124,534,170,301
img-302.jpg,medium_pothole,32,90,259,262,302
img-303.jpg,medium_pothole,246,115,441,159,303
img-303.jpg,medium_pothole,159,97,237,155,303
img-304.jpg,major_pothole,264,57,503,198,304
img-304.jpg,major_pothole,1,78,249,256,304
img-305.jpg,major_pothole,236,138,288,173,305
img-305.jpg,major_pothole,378,189,484,250,305
img-306.jpg,major_pothole,418,158,533,276,306
img-306.jpg,major_pothole,85,112,322,271,306
img-307.jpg,major_pothole,197,8,428,273,307
img-308.jpg,medium_pothole,190,151,283,201,308
img-309.jpg,major_pothole,1,58,529,207,309
img-310.jpg,medium_pothole,144,138,252,163,310
img-310.jpg,medium_pothole,341,100,414,118,310
img-310.jpg,medium_pothole,149,159,417,274,310
img-311.jpg,major_pothole,104,94,440,300,311
img-312.jpg,medium_pothole,8,118,497,246,312
img-313.jpg,minor_pothole,49,130,88,143,313
img-313.jpg,medium_pothole,1,146,400,300,313
img-314.jpg,major_pothole,111,60,275,263,314
img-315.jpg,minor_pothole,14,194,57,220,315
img-315.jpg,major_pothole,155,175,329,258,315
img-315.jpg,medium_pothole,377,124,443,139,315
img-315.jpg,minor_pothole,233,130,257,140,315
img-315.jpg,minor_pothole,367,209,411,226,315
img-316.jpg,major_pothole,38,97,267,252,316
img-317.jpg,major_pothole,143,96,305,186,317
img-318.jpg,medium_pothole,127,195,412,285,318
img-319.jpg,major_pothole,71,136,236,212,319
img-320.jpg,minor_pothole,276,23,362,58,320
img-320.jpg,major_pothole,34,103,644,230,320
img-321.jpg,major_pothole,1,112,254,252,321
img-322.jpg,major_pothole,16,73,440,230,322
img-323.jpg,major_pothole,42,197,424,292,323
img-323.jpg,major_pothole,163,149,286,185,323
img-323.jpg,minor_pothole,1,176,71,211,323
img-323.jpg,minor_pothole,313,139,373,150,323
img-323.jpg,minor_pothole,282,116,363,125,323
img-324.jpg,medium_pothole,210,148,397,280,324
img-325.jpg,medium_pothole,92,128,135,149,325
img-325.jpg,major_pothole,155,74,252,115,325
img-325.jpg,medium_pothole,325,59,375,74,325
img-325.jpg,major_pothole,306,78,353,103,325
img-325.jpg,medium_pothole,335,114,375,136,325
img-325.jpg,major_pothole,422,192,531,273,325
img-326.jpg,major_pothole,95,51,300,201,326
img-327.jpg,medium_pothole,21,118,138,158,327
img-327.jpg,major_pothole,129,54,466,233,327
img-328.jpg,medium_pothole,145,231,185,247,328
img-328.jpg,medium_pothole,55,251,190,287,328
img-328.jpg,minor_pothole,152,202,184,212,328
img-328.jpg,medium_pothole,207,216,256,234,328
img-329.jpg,major_pothole,313,243,338,253,329
img-329.jpg,major_pothole,291,219,324,228,329
img-329.jpg,major_pothole,461,234,493,250,329
img-329.jpg,major_pothole,509,263,550,278,329
img-329.jpg,medium_pothole,352,272,374,286,329
img-329.jpg,major_pothole,379,245,430,253,329
img-330.jpg,medium_pothole,25,182,246,386,330
img-330.jpg,medium_pothole,79,29,216,92,330
img-331.jpg,minor_pothole,6,212,51,242,331
img-331.jpg,minor_pothole,112,107,135,116,331
img-331.jpg,medium_pothole,126,94,159,104,331
img-331.jpg,medium_pothole,184,91,211,100,331
img-331.jpg,medium_pothole,147,105,179,117,331
img-331.jpg,medium_pothole,139,117,184,131,331
img-331.jpg,major_pothole,202,135,278,162,331
img-331.jpg,major_pothole,219,74,254,82,331
img-331.jpg,major_pothole,234,81,273,91,331
img-331.jpg,major_pothole,259,89,304,101,331
img-331.jpg,major_pothole,244,110,310,125,331
img-331.jpg,major_pothole,249,62,273,70,331
img-331.jpg,major_pothole,188,214,283,275,331
img-332.jpg,major_pothole,135,90,272,111,332
img-332.jpg,medium_pothole,278,135,399,146,332
img-332.jpg,medium_pothole,159,59,215,69,332
img-332.jpg,major_pothole,119,201,358,247,332
img-332.jpg,medium_pothole,146,159,235,172,332
img-333.jpg,medium_pothole,1,161,55,173,333
img-333.jpg,minor_pothole,74,167,112,179,333
img-333.jpg,major_pothole,102,194,225,235,333
img-333.jpg,medium_pothole,1,179,26,195,333
img-334.jpg,major_pothole,104,39,260,99,334
img-334.jpg,medium_pothole,403,21,470,46,334
img-334.jpg,minor_pothole,446,46,504,63,334
img-334.jpg,major_pothole,190,141,476,300,334
img-335.jpg,minor_pothole,292,32,333,47,335
img-335.jpg,medium_pothole,270,86,377,141,335
img-335.jpg,medium_pothole,220,33,286,63,335
img-335.jpg,minor_pothole,1,83,133,140,335
img-335.jpg,minor_pothole,340,34,396,66,335
img-336.jpg,major_pothole,64,166,300,333,336
img-336.jpg,major_pothole,144,98,212,129,336
img-336.jpg,medium_pothole,90,130,143,146,336
img-337.jpg,major_pothole,153,92,346,178,337
img-338.jpg,major_pothole,62,69,375,240,338
img-339.jpg,major_pothole,195,136,340,213,339
img-339.jpg,medium_pothole,245,102,271,115,339
img-339.jpg,minor_pothole,303,237,350,262,339
img-339.jpg,major_pothole,127,272,218,299,339
img-339.jpg,medium_pothole,289,268,371,299,339
img-340.jpg,medium_pothole,7,74,217,137,340
img-340.jpg,medium_pothole,206,106,450,151,340
img-341.jpg,major_pothole,383,135,453,173,341
img-341.jpg,major_pothole,261,127,312,160,341
img-341.jpg,major_pothole,35,204,240,300,341
img-342.jpg,medium_pothole,1,143,375,300,342
img-343.jpg,major_pothole,1,139,540,300,343
img-344.jpg,medium_pothole,244,65,333,83,344
img-344.jpg,medium_pothole,300,1,374,12,344
img-344.jpg,major_pothole,141,124,231,161,344
img-344.jpg,major_pothole,118,161,255,202,344
img-344.jpg,major_pothole,166,207,307,266,344
img-345.jpg,major_pothole,98,198,418,237,345
img-345.jpg,medium_pothole,1,278,98,300,345
img-346.jpg,minor_pothole,261,78,280,92,346
img-346.jpg,medium_pothole,245,53,279,73,346
img-346.jpg,major_pothole,74,103,295,300,346
img-346.jpg,major_pothole,155,50,211,79,346
img-347.jpg,major_pothole,114,80,283,178,347
img-348.jpg,major_pothole,5,21,299,300,348
img-349.jpg,medium_pothole,68,124,224,216,349
img-349.jpg,medium_pothole,336,117,377,134,349
img-350.jpg,medium_pothole,80,121,146,135,350
img-350.jpg,medium_pothole,172,100,249,112,350
img-350.jpg,major_pothole,69,139,314,300,350
img-350.jpg,major_pothole,202,111,382,144,350
img-350.jpg,medium_pothole,215,94,294,114,350
img-351.jpg,major_pothole,1,101,468,300,351
img-352.jpg,major_pothole,81,133,355,299,352
img-352.jpg,minor_pothole,236,102,280,131,352
img-353.jpg,major_pothole,168,118,222,140,353
img-353.jpg,medium_pothole,199,163,235,185,353
img-353.jpg,major_pothole,174,140,229,162,353
img-354.jpg,major_pothole,108,198,170,219,354
img-354.jpg,major_pothole,190,164,281,193,354
img-354.jpg,major_pothole,260,249,333,279,354
img-354.jpg,major_pothole,82,284,165,300,354
img-354.jpg,minor_pothole,320,203,359,214,354
img-355.jpg,medium_pothole,135,186,182,221,355
img-356.jpg,major_pothole,85,216,226,287,356
img-357.jpg,medium_pothole,100,126,350,213,357
img-358.jpg,medium_pothole,4,137,90,187,358
img-358.jpg,major_pothole,97,124,343,220,358
img-359.jpg,major_pothole,17,88,146,121,359
img-359.jpg,medium_pothole,41,73,72,85,359
img-359.jpg,major_pothole,27,125,413,245,359
img-360.jpg,medium_pothole,134,191,216,198,360
img-360.jpg,medium_pothole,121,273,219,347,360
img-360.jpg,medium_pothole,178,400,260,435,360
img-360.jpg,medium_pothole,189,261,262,295,360
img-360.jpg,major_pothole,209,234,300,251,360
img-360.jpg,medium_pothole,136,202,224,220,360
img-360.jpg,medium_pothole,131,171,172,180,360
img-361.jpg,medium_pothole,246,58,493,238,361
img-362.jpg,major_pothole,52,217,202,245,362
img-362.jpg,medium_pothole,169,239,285,268,362
img-363.jpg,major_pothole,65,122,229,299,363
img-364.jpg,major_pothole,104,196,328,300,364
img-365.jpg,major_pothole,1,136,348,243,365
img-365.jpg,major_pothole,430,223,571,300,365
img-365.jpg,major_pothole,411,135,571,185,365
img-365.jpg,medium_pothole,426,119,487,135,365
img-366.jpg,major_pothole,9,123,387,247,366
img-367.jpg,major_pothole,150,81,258,210,367
img-368.jpg,major_pothole,218,248,313,294,368
img-368.jpg,medium_pothole,270,74,311,82,368
img-368.jpg,major_pothole,158,160,256,211,368
img-368.jpg,minor_pothole,310,170,333,182,368
img-368.jpg,medium_pothole,106,198,147,225,368
img-369.jpg,major_pothole,1,50,471,300,369
img-370.jpg,major_pothole,164,209,345,289,370
img-371.jpg,major_pothole,356,52,447,138,371
img-372.jpg,medium_pothole,141,157,310,251,372
img-373.jpg,medium_pothole,104,133,348,263,373
img-374.jpg,minor_pothole,226,98,349,116,374
img-374.jpg,major_pothole,92,196,269,276,374
img-374.jpg,medium_pothole,1,89,42,97,374
img-375.jpg,minor_pothole,162,187,216,199,375
img-375.jpg,medium_pothole,105,225,200,260,375
img-376.jpg,medium_pothole,319,186,386,211,376
img-376.jpg,medium_pothole,158,164,235,185,376
img-377.jpg,medium_pothole,235,53,284,62,377
img-377.jpg,major_pothole,135,133,392,259,377
img-378.jpg,major_pothole,209,158,366,263,378
img-379.jpg,medium_pothole,128,166,289,220,379
img-380.jpg,major_pothole,54,39,393,242,380
img-381.jpg,major_pothole,57,126,254,309,381
img-382.jpg,medium_pothole,4,216,172,245,382
img-382.jpg,major_pothole,83,192,199,213,382
img-382.jpg,major_pothole,233,168,297,176,382
img-383.jpg,major_pothole,142,213,287,253,383
img-383.jpg,medium_pothole,99,182,138,200,383
img-383.jpg,major_pothole,49,157,99,172,383
img-383.jpg,medium_pothole,116,122,145,130,383
img-383.jpg,medium_pothole,1,127,51,138,383
img-383.jpg,medium_pothole,245,168,299,186,383
img-383.jpg,medium_pothole,151,153,194,166,383
img-384.jpg,major_pothole,146,101,360,259,384
img-384.jpg,medium_pothole,34,54,151,118,384
img-385.jpg,major_pothole,33,73,441,278,385
img-386.jpg,major_pothole,118,66,485,276,386
img-387.jpg,medium_pothole,129,137,324,209,387
img-387.jpg,minor_pothole,339,183,401,208,387
img-388.jpg,medium_pothole,178,92,201,104,388
img-388.jpg,medium_pothole,148,137,225,213,388
img-389.jpg,medium_pothole,281,57,320,62,389
img-389.jpg,major_pothole,308,102,456,128,389
img-389.jpg,major_pothole,0,159,235,298,389
img-389.jpg,medium_pothole,204,132,238,148,389
img-389.jpg,major_pothole,173,90,270,120,389
img-389.jpg,major_pothole,252,69,320,80,389
img-390.jpg,major_pothole,60,30,247,328,390
img-391.jpg,major_pothole,76,65,153,101,391
img-391.jpg,medium_pothole,17,50,55,73,391
img-391.jpg,major_pothole,296,214,338,244,391
img-391.jpg,minor_pothole,1,28,22,43,391
img-391.jpg,major_pothole,134,84,290,183,391
img-392.jpg,medium_pothole,328,221,448,263,392
img-392.jpg,medium_pothole,385,207,429,227,392
img-392.jpg,medium_pothole,205,164,247,172,392
img-392.jpg,medium_pothole,219,189,349,203,392
img-392.jpg,medium_pothole,204,282,397,299,392
img-393.jpg,major_pothole,157,99,296,142,393
img-393.jpg,medium_pothole,153,198,281,257,393
img-394.jpg,medium_pothole,1,150,139,235,394
img-394.jpg,medium_pothole,131,2,433,138,394
img-395.jpg,medium_pothole,162,221,267,263,395
img-395.jpg,medium_pothole,29,210,114,253,395
img-395.jpg,medium_pothole,218,146,248,157,395
img-396.jpg,major_pothole,1,39,533,246,396
img-397.jpg,medium_pothole,147,118,225,147,397
img-397.jpg,medium_pothole,178,147,281,169,397
img-397.jpg,medium_pothole,337,248,398,273,397
img-398.jpg,major_pothole,31,40,607,300,398
img-399.jpg,medium_pothole,3,146,109,233,399
img-399.jpg,medium_pothole,1,237,46,300,399
img-399.jpg,major_pothole,168,214,334,294,399
img-399.jpg,minor_pothole,322,197,357,219,399
img-399.jpg,minor_pothole,312,153,333,163,399
img-399.jpg,medium_pothole,206,150,264,174,399
img-399.jpg,minor_pothole,160,182,187,194,399
img-399.jpg,minor_pothole,362,176,387,193,399
img-399.jpg,major_pothole,222,96,334,118,399
img-399.jpg,medium_pothole,342,137,369,153,399
img-399.jpg,minor_pothole,138,119,165,132,399
img-399.jpg,major_pothole,134,90,210,103,399
img-399.jpg,minor_pothole,344,225,371,243,399
img-399.jpg,medium_pothole,290,125,340,145,399
img-400.jpg,major_pothole,164,90,452,294,400
img-401.jpg,major_pothole,155,189,466,239,401
img-402.jpg,major_pothole,201,14,317,147,402
img-403.jpg,major_pothole,139,160,491,269,403
img-404.jpg,major_pothole,165,90,389,266,404
img-404.jpg,minor_pothole,90,150,136,174,404
img-404.jpg,medium_pothole,57,89,103,118,404
img-405.jpg,medium_pothole,78,201,191,299,405
img-405.jpg,medium_pothole,1,104,131,170,405
img-405.jpg,minor_pothole,368,163,400,195,405
img-405.jpg,minor_pothole,159,80,210,96,405
img-405.jpg,minor_pothole,244,84,302,105,405
img-405.jpg,medium_pothole,203,111,311,150,405
img-405.jpg,medium_pothole,195,156,313,227,405
img-405.jpg,minor_pothole,132,124,173,151,405
img-406.jpg,major_pothole,74,42,454,282,406
img-407.jpg,medium_pothole,66,184,128,196,407
img-407.jpg,medium_pothole,38,218,104,242,407
img-407.jpg,major_pothole,151,233,269,287,407
img-407.jpg,medium_pothole,298,180,343,192,407
img-407.jpg,medium_pothole,308,208,379,231,407
img-407.jpg,medium_pothole,365,244,400,284,407
img-407.jpg,medium_pothole,162,142,235,156,407
img-407.jpg,minor_pothole,110,126,135,137,407
img-407.jpg,medium_pothole,159,105,192,113,407
img-408.jpg,minor_pothole,271,157,298,166,408
img-408.jpg,medium_pothole,214,177,289,197,408
img-408.jpg,medium_pothole,116,219,258,298,408
img-409.jpg,minor_pothole,274,189,342,258,409
img-409.jpg,minor_pothole,12,186,107,239,409
img-409.jpg,medium_pothole,170,64,413,145,409
img-410.jpg,major_pothole,164,91,333,234,410
img-411.jpg,medium_pothole,257,69,281,76,411
img-411.jpg,minor_pothole,26,214,70,241,411
img-411.jpg,medium_pothole,228,80,263,88,411
img-411.jpg,medium_pothole,196,97,219,104,411
img-411.jpg,medium_pothole,157,111,193,122,411
img-411.jpg,medium_pothole,154,122,198,135,411
img-411.jpg,medium_pothole,244,87,277,95,411
img-411.jpg,medium_pothole,266,94,311,106,411
img-411.jpg,medium_pothole,252,112,316,131,411
img-411.jpg,medium_pothole,209,137,289,165,411
img-411.jpg,medium_pothole,201,216,299,271,411
img-411.jpg,minor_pothole,139,100,174,110,411
img-411.jpg,medium_pothole,212,104,268,121,411
img-412.jpg,minor_pothole,1,130,51,154,412
img-412.jpg,major_pothole,143,160,331,273,412
img-413.jpg,medium_pothole,236,123,322,137,413
img-413.jpg,major_pothole,277,147,401,177,413
img-413.jpg,medium_pothole,78,156,163,174,413
img-414.jpg,medium_pothole,21,108,327,258,414
img-415.jpg,major_pothole,150,138,261,184,415
img-415.jpg,medium_pothole,84,79,158,97,415
img-416.jpg,major_pothole,42,64,146,96,416
img-416.jpg,major_pothole,144,110,371,211,416
img-417.jpg,medium_pothole,85,95,421,251,417
img-418.jpg,minor_pothole,1,85,39,101,418
img-418.jpg,medium_pothole,257,95,291,103,418
img-418.jpg,medium_pothole,276,117,338,139,418
img-418.jpg,medium_pothole,150,158,238,193,418
img-418.jpg,medium_pothole,33,145,88,159,418
img-418.jpg,medium_pothole,1,164,43,187,418
img-418.jpg,major_pothole,1,227,90,257,418
img-419.jpg,major_pothole,208,14,344,201,419
img-419.jpg,major_pothole,1,161,154,300,419
img-420.jpg,major_pothole,68,106,352,215,420
img-421.jpg,medium_pothole,318,83,335,94,421
img-421.jpg,medium_pothole,382,216,440,253,421
img-421.jpg,medium_pothole,118,201,244,237,421
img-421.jpg,medium_pothole,268,202,342,245,421
img-422.jpg,medium_pothole,46,158,446,288,422
img-423.jpg,major_pothole,118,152,291,232,423
img-424.jpg,medium_pothole,49,93,468,245,424
img-425.jpg,medium_pothole,89,201,223,250,425
img-425.jpg,medium_pothole,230,165,386,195,425
img-426.jpg,major_pothole,1,52,438,272,426
img-427.jpg,major_pothole,43,75,241,181,427
img-428.jpg,major_pothole,143,133,181,141,428
img-428.jpg,medium_pothole,61,212,118,234,428
img-428.jpg,medium_pothole,159,159,191,171,428
img-428.jpg,major_pothole,87,291,197,341,428
img-428.jpg,major_pothole,123,158,156,167,428
img-428.jpg,major_pothole,157,191,210,212,428
img-429.jpg,medium_pothole,52,68,486,189,429
img-429.jpg,minor_pothole,41,220,211,288,429
img-430.jpg,major_pothole,225,230,371,277,430
img-430.jpg,medium_pothole,128,51,170,63,430
img-431.jpg,major_pothole,92,176,177,206,431
img-431.jpg,major_pothole,119,197,435,255,431
img-431.jpg,major_pothole,273,256,533,300,431
img-431.jpg,medium_pothole,110,281,204,299,431
img-432.jpg,medium_pothole,99,54,362,209,432
img-433.jpg,medium_pothole,138,85,276,199,433
img-433.jpg,medium_pothole,58,7,171,91,433
img-434.jpg,major_pothole,177,154,409,278,434
img-435.jpg,medium_pothole,335,227,516,282,435
img-436.jpg,minor_pothole,484,184,527,198,436
img-436.jpg,medium_pothole,376,168,462,197,436
img-436.jpg,major_pothole,300,156,346,182,436
img-436.jpg,medium_pothole,239,147,302,182,436
img-436.jpg,minor_pothole,252,128,276,141,436
img-436.jpg,medium_pothole,163,135,213,148,436
img-436.jpg,medium_pothole,109,188,309,234,436
img-437.jpg,major_pothole,1,108,533,257,437
img-438.jpg,major_pothole,257,54,378,126,438
img-439.jpg,medium_pothole,331,56,408,88,439
img-439.jpg,major_pothole,89,73,555,237,439
img-439.jpg,minor_pothole,386,18,517,44,439
img-440.jpg,major_pothole,93,41,516,300,440
img-441.jpg,major_pothole,166,114,341,169,441
img-441.jpg,minor_pothole,418,160,484,184,441
img-441.jpg,medium_pothole,134,104,166,115,441
img-442.jpg,major_pothole,163,129,272,197,442
img-443.jpg,major_pothole,44,227,210,294,443
img-443.jpg,major_pothole,36,187,143,217,443
img-443.jpg,medium_pothole,120,171,154,178,443
img-443.jpg,medium_pothole,164,165,233,175,443
img-443.jpg,major_pothole,378,181,533,220,443
img-444.jpg,medium_pothole,131,86,152,95,444
img-444.jpg,medium_pothole,113,79,127,84,444
img-444.jpg,medium_pothole,308,158,362,186,444
img-444.jpg,medium_pothole,244,219,380,300,444
img-444.jpg,medium_pothole,327,135,401,163,444
img-444.jpg,medium_pothole,195,117,237,136,444
img-444.jpg,medium_pothole,158,151,232,193,444
img-444.jpg,medium_pothole,411,155,454,167,444
img-445.jpg,major_pothole,73,108,352,229,445
img-445.jpg,medium_pothole,131,26,193,40,445
img-446.jpg,medium_pothole,188,106,223,116,446
img-446.jpg,major_pothole,182,95,206,105,446
img-446.jpg,medium_pothole,161,89,182,95,446
img-446.jpg,medium_pothole,171,134,205,142,446
img-446.jpg,medium_pothole,178,144,244,163,446
img-446.jpg,major_pothole,188,174,315,218,446
img-446.jpg,minor_pothole,168,242,214,266,446
img-446.jpg,medium_pothole,240,261,305,300,446
img-447.jpg,major_pothole,42,116,300,266,447
img-448.jpg,major_pothole,14,154,341,285,448
img-448.jpg,medium_pothole,283,220,435,300,448
img-448.jpg,minor_pothole,383,138,416,156,448
img-449.jpg,major_pothole,457,44,557,101,449
img-449.jpg,medium_pothole,166,28,339,123,449
img-449.jpg,medium_pothole,81,135,527,300,449
img-449.jpg,minor_pothole,429,86,477,112,449
img-450.jpg,major_pothole,91,82,314,168,450
img-451.jpg,medium_pothole,329,210,372,238,451
img-451.jpg,major_pothole,215,166,322,237,451
img-451.jpg,medium_pothole,159,180,214,209,451
img-452.jpg,major_pothole,53,95,452,299,452
img-453.jpg,major_pothole,110,178,300,297,453
img-454.jpg,medium_pothole,166,125,199,133,454
img-454.jpg,major_pothole,144,183,283,216,454
img-454.jpg,major_pothole,18,224,189,300,454
img-454.jpg,major_pothole,195,128,258,143,454
img-455.jpg,major_pothole,266,109,323,138,455
img-456.jpg,major_pothole,107,144,403,205,456
img-457.jpg,medium_pothole,213,162,367,207,457
img-457.jpg,medium_pothole,165,124,193,135,457
img-457.jpg,medium_pothole,66,105,90,113,457
img-458.jpg,major_pothole,70,93,340,141,458
img-459.jpg,medium_pothole,16,128,170,154,459
img-459.jpg,major_pothole,255,167,511,236,459
img-460.jpg,medium_pothole,154,90,385,130,460
img-460.jpg,medium_pothole,1,194,216,264,460
img-461.jpg,medium_pothole,185,227,276,283,461
img-462.jpg,major_pothole,187,203,315,272,462
img-463.jpg,major_pothole,92,177,366,284,463
img-464.jpg,major_pothole,217,109,509,295,464
img-465.jpg,major_pothole,168,92,482,201,465
img-465.jpg,medium_pothole,159,202,313,247,465
img-465.jpg,medium_pothole,29,260,148,299,465
img-466.jpg,major_pothole,196,207,317,260,466
img-467.jpg,major_pothole,120,160,596,225,467
img-468.jpg,major_pothole,162,120,300,152,468
img-469.jpg,medium_pothole,268,150,358,184,469
img-469.jpg,minor_pothole,377,144,414,166,469
img-469.jpg,major_pothole,195,193,332,300,469
img-470.jpg,major_pothole,52,77,180,141,470
img-471.jpg,medium_pothole,50,155,95,170,471
img-471.jpg,medium_pothole,85,138,112,145,471
img-471.jpg,medium_pothole,111,128,139,135,471
img-471.jpg,medium_pothole,208,183,254,202,471
img-471.jpg,major_pothole,139,102,180,110,471
img-471.jpg,medium_pothole,33,169,73,182,471
img-471.jpg,major_pothole,86,115,129,124,471
img-471.jpg,major_pothole,1,185,63,211,471
img-471.jpg,medium_pothole,237,237,289,273,471
img-471.jpg,medium_pothole,271,150,310,162,471
img-471.jpg,major_pothole,215,139,280,151,471
img-471.jpg,medium_pothole,151,148,185,158,471
img-471.jpg,medium_pothole,154,176,192,191,471
img-471.jpg,medium_pothole,200,164,237,179,471
img-471.jpg,medium_pothole,130,110,156,116,471
img-471.jpg,major_pothole,125,200,214,232,471
img-471.jpg,medium_pothole,194,127,229,135,471
img-471.jpg,medium_pothole,194,114,217,120,471
img-472.jpg,major_pothole,46,143,379,271,472
img-473.jpg,major_pothole,65,90,353,191,473
img-474.jpg,medium_pothole,266,139,332,170,474
img-474.jpg,medium_pothole,102,189,223,243,474
img-474.jpg,major_pothole,222,168,293,201,474
img-475.jpg,major_pothole,17,34,415,253,475
img-476.jpg,medium_pothole,64,155,131,185,476
img-476.jpg,medium_pothole,287,135,321,150,476
img-476.jpg,medium_pothole,297,176,338,205,476
img-476.jpg,major_pothole,259,232,325,274,476
img-477.jpg,major_pothole,137,129,277,198,477
img-477.jpg,medium_pothole,158,32,247,57,477
img-477.jpg,medium_pothole,259,217,384,299,477
img-478.jpg,major_pothole,111,156,328,279,478
img-478.jpg,major_pothole,333,151,398,169,478
img-479.jpg,major_pothole,194,81,501,204,479
img-480.jpg,minor_pothole,307,106,353,112,480
img-480.jpg,minor_pothole,341,91,370,96,480
img-480.jpg,minor_pothole,383,95,414,103,480
img-480.jpg,minor_pothole,411,206,449,229,480
img-480.jpg,minor_pothole,319,148,366,177,480
img-480.jpg,major_pothole,151,134,308,299,480
img-480.jpg,medium_pothole,157,115,213,129,480
img-481.jpg,major_pothole,293,131,521,168,481
img-481.jpg,major_pothole,32,186,374,253,481
img-482.jpg,major_pothole,99,193,507,286,482
img-482.jpg,major_pothole,146,142,397,188,482
img-482.jpg,major_pothole,232,76,293,89,482
img-482.jpg,major_pothole,107,112,280,127,482
img-483.jpg,major_pothole,74,39,307,272,483
img-484.jpg,major_pothole,298,113,378,141,484
img-484.jpg,medium_pothole,78,100,150,110,484
img-484.jpg,medium_pothole,202,91,233,102,484
img-484.jpg,major_pothole,178,116,321,168,484
img-484.jpg,major_pothole,13,180,370,298,484
img-485.jpg,major_pothole,145,173,532,300,485
img-486.jpg,medium_pothole,27,229,106,260,486
img-486.jpg,minor_pothole,54,186,123,218,486
img-486.jpg,medium_pothole,14,146,118,179,486
img-486.jpg,medium_pothole,110,114,163,125,486
img-486.jpg,medium_pothole,183,196,307,262,486
img-486.jpg,major_pothole,162,151,280,187,486
img-487.jpg,major_pothole,248,147,422,188,487
img-487.jpg,major_pothole,82,164,465,300,487
img-488.jpg,major_pothole,184,196,391,250,488
img-488.jpg,medium_pothole,191,163,219,186,488
img-489.jpg,major_pothole,1,81,179,226,489
img-489.jpg,medium_pothole,1,246,66,282,489
img-490.jpg,medium_pothole,1,175,468,300,490
img-490.jpg,medium_pothole,243,123,366,159,490
img-490.jpg,minor_pothole,36,119,193,139,490
img-490.jpg,medium_pothole,1,149,100,177,490
img-491.jpg,medium_pothole,145,236,348,298,491
img-491.jpg,major_pothole,313,181,463,252,491
img-492.jpg,major_pothole,103,85,209,123,492
img-492.jpg,medium_pothole,73,60,114,77,492
img-492.jpg,major_pothole,108,45,176,61,492
img-492.jpg,medium_pothole,180,53,219,75,492
img-492.jpg,major_pothole,4,214,279,400,492
img-493.jpg,medium_pothole,268,170,281,180,493
img-493.jpg,medium_pothole,167,353,202,400,493
img-493.jpg,minor_pothole,214,244,226,254,493
img-493.jpg,medium_pothole,194,226,213,237,493
img-493.jpg,medium_pothole,275,202,293,209,493
img-493.jpg,medium_pothole,277,212,300,222,493
img-493.jpg,minor_pothole,253,181,266,190,493
img-493.jpg,medium_pothole,209,147,253,162,493
img-493.jpg,medium_pothole,152,164,167,173,493
img-493.jpg,medium_pothole,186,267,203,288,493
img-493.jpg,medium_pothole,253,255,269,275,493
img-493.jpg,major_pothole,100,293,164,348,493
img-493.jpg,medium_pothole,72,281,100,298,493
img-493.jpg,medium_pothole,87,243,107,256,493
img-493.jpg,major_pothole,92,163,110,174,493
img-493.jpg,major_pothole,91,177,117,193,493
img-494.jpg,medium_pothole,50,40,95,64,494
img-494.jpg,minor_pothole,1,74,30,101,494
img-494.jpg,major_pothole,93,78,290,232,494
img-494.jpg,minor_pothole,331,138,372,158,494
img-495.jpg,major_pothole,136,59,544,300,495
img-496.jpg,major_pothole,1,106,465,300,496
img-497.jpg,major_pothole,105,61,350,270,497
img-498.jpg,major_pothole,323,98,359,107,498
img-498.jpg,major_pothole,16,211,127,248,498
img-498.jpg,minor_pothole,205,171,248,192,498
img-498.jpg,medium_pothole,285,116,331,131,498
img-498.jpg,medium_pothole,239,151,277,165,498
img-499.jpg,major_pothole,75,92,312,205,499
img-500.jpg,medium_pothole,172,187,300,236,500
img-500.jpg,medium_pothole,85,166,161,227,500
img-501.jpg,major_pothole,251,227,426,263,501
img-501.jpg,medium_pothole,30,214,86,233,501
img-501.jpg,medium_pothole,30,230,153,271,501
img-502.jpg,major_pothole,270,150,450,195,502
img-502.jpg,medium_pothole,86,53,148,73,502
img-502.jpg,minor_pothole,42,63,89,87,502
img-502.jpg,major_pothole,1,101,59,122,502
img-502.jpg,major_pothole,14,117,162,153,502
img-502.jpg,major_pothole,19,172,302,300,502
img-503.jpg,major_pothole,75,80,523,229,503
img-504.jpg,minor_pothole,234,55,283,81,504
img-504.jpg,minor_pothole,243,107,338,163,504
img-504.jpg,medium_pothole,71,155,345,260,504
img-505.jpg,major_pothole,166,209,337,280,505
img-506.jpg,major_pothole,67,150,323,272,506
img-507.jpg,major_pothole,122,18,234,30,507
img-507.jpg,major_pothole,41,152,242,190,507
img-507.jpg,major_pothole,174,200,275,223,507
img-507.jpg,medium_pothole,63,107,177,135,507
img-507.jpg,major_pothole,120,59,249,78,507
img-507.jpg,major_pothole,111,29,246,47,507
img-507.jpg,medium_pothole,70,139,127,148,507
img-508.jpg,medium_pothole,366,30,445,55,508
img-508.jpg,major_pothole,74,5,170,28,508
img-508.jpg,major_pothole,62,34,189,77,508
img-508.jpg,major_pothole,85,152,289,242,508
img-508.jpg,major_pothole,184,85,277,126,508
img-508.jpg,medium_pothole,295,123,402,163,508
img-508.jpg,medium_pothole,352,203,514,288,508
img-508.jpg,major_pothole,237,35,363,77,508
img-508.jpg,medium_pothole,320,1,408,19,508
img-508.jpg,medium_pothole,439,53,533,87,508
img-509.jpg,medium_pothole,234,83,286,104,509
img-509.jpg,medium_pothole,37,115,203,254,509
img-509.jpg,medium_pothole,229,185,333,300,509
img-509.jpg,medium_pothole,303,90,371,119,509
img-509.jpg,medium_pothole,189,103,335,163,509
img-509.jpg,medium_pothole,333,159,451,235,509
img-509.jpg,minor_pothole,482,226,520,254,509
img-509.jpg,minor_pothole,320,132,356,149,509
img-509.jpg,minor_pothole,289,143,316,156,509
img-510.jpg,major_pothole,139,57,177,73,510
img-510.jpg,medium_pothole,171,150,233,178,510
img-510.jpg,minor_pothole,192,124,237,144,510
img-510.jpg,minor_pothole,259,140,299,156,510
img-510.jpg,medium_pothole,320,147,361,163,510
img-510.jpg,medium_pothole,400,107,437,129,510
img-510.jpg,medium_pothole,236,181,327,224,510
img-510.jpg,medium_pothole,271,233,333,275,510
img-510.jpg,major_pothole,479,24,574,53,510
img-510.jpg,major_pothole,265,51,329,68,510
img-510.jpg,medium_pothole,184,80,224,93,510
img-510.jpg,medium_pothole,324,106,364,125,510
img-510.jpg,major_pothole,109,104,165,128,510
img-510.jpg,medium_pothole,50,82,107,101,510
img-510.jpg,medium_pothole,109,73,142,89,510
img-510.jpg,minor_pothole,421,68,455,81,510
img-510.jpg,minor_pothole,186,94,218,107,510
img-511.jpg,major_pothole,132,54,380,194,511
img-512.jpg,major_pothole,93,90,182,130,512
img-512.jpg,minor_pothole,303,94,337,105,512
img-512.jpg,medium_pothole,278,80,318,93,512
img-512.jpg,major_pothole,146,153,327,242,512
img-512.jpg,medium_pothole,222,245,352,300,512
img-513.jpg,major_pothole,43,94,309,182,513
img-514.jpg,minor_pothole,151,156,190,180,514
img-514.jpg,medium_pothole,122,135,154,152,514
img-514.jpg,medium_pothole,109,113,150,136,514
img-514.jpg,medium_pothole,69,141,114,168,514
img-514.jpg,medium_pothole,208,133,226,143,514
img-514.jpg,major_pothole,94,223,223,363,514
img-515.jpg,major_pothole,101,67,314,216,515
img-516.jpg,minor_pothole,191,264,246,299,516
img-516.jpg,major_pothole,18,8,149,59,516
img-516.jpg,minor_pothole,403,23,453,49,516
img-516.jpg,major_pothole,244,169,350,296,516
img-517.jpg,medium_pothole,299,137,401,173,517
img-517.jpg,major_pothole,135,191,487,272,517
img-518.jpg,major_pothole,118,111,433,230,518
img-519.jpg,medium_pothole,72,144,117,154,519
img-519.jpg,medium_pothole,141,78,177,87,519
img-519.jpg,major_pothole,182,83,234,95,519
img-519.jpg,major_pothole,182,128,248,148,519
img-519.jpg,medium_pothole,201,157,265,182,519
img-519.jpg,medium_pothole,68,79,116,86,519
img-519.jpg,medium_pothole,134,58,147,66,519
img-519.jpg,major_pothole,94,226,283,392,519
img-520.jpg,major_pothole,183,180,453,250,520
img-521.jpg,major_pothole,41,130,283,224,521
img-522.jpg,major_pothole,269,245,402,278,522
img-522.jpg,medium_pothole,231,217,259,228,522
img-522.jpg,major_pothole,39,179,198,230,522
img-523.jpg,minor_pothole,28,115,93,136,523
img-523.jpg,major_pothole,89,138,328,215,523
img-524.jpg,minor_pothole,297,166,385,182,524
img-524.jpg,medium_pothole,354,153,453,180,524
img-524.jpg,medium_pothole,223,132,289,155,524
img-524.jpg,medium_pothole,1,209,195,253,524
img-524.jpg,major_pothole,277,218,439,272,524
img-525.jpg,minor_pothole,93,267,165,299,525
img-525.jpg,major_pothole,71,161,248,214,525
img-525.jpg,medium_pothole,29,261,93,296,525
img-525.jpg,major_pothole,236,89,334,113,525
img-526.jpg,medium_pothole,300,154,372,188,526
img-526.jpg,medium_pothole,257,139,346,154,526
img-526.jpg,major_pothole,33,170,139,220,526
img-526.jpg,major_pothole,75,219,272,254,526
img-526.jpg,medium_pothole,325,268,365,300,526
img-526.jpg,major_pothole,356,144,401,154,526
img-526.jpg,major_pothole,37,146,77,158,526
img-526.jpg,major_pothole,94,122,152,152,526
img-526.jpg,major_pothole,247,179,407,252,526
img-526.jpg,major_pothole,105,152,224,184,526
img-527.jpg,major_pothole,158,180,318,233,527
img-528.jpg,major_pothole,107,27,406,279,528
img-529.jpg,medium_pothole,292,188,450,300,529
img-529.jpg,medium_pothole,205,201,270,242,529
img-529.jpg,major_pothole,277,97,347,137,529
img-529.jpg,major_pothole,145,73,244,125,529
img-530.jpg,medium_pothole,91,93,217,143,530
img-530.jpg,medium_pothole,56,1,138,16,530
img-530.jpg,major_pothole,139,1,297,41,530
img-530.jpg,major_pothole,1,15,59,54,530
img-530.jpg,major_pothole,334,1,497,42,530
img-530.jpg,major_pothole,236,50,355,102,530
img-530.jpg,major_pothole,227,125,460,238,530
img-530.jpg,medium_pothole,1,184,157,285,530
img-531.jpg,major_pothole,141,171,191,178,531
img-531.jpg,medium_pothole,118,195,161,211,531
img-531.jpg,medium_pothole,174,187,232,210,531
img-531.jpg,medium_pothole,156,208,208,229,531
img-531.jpg,medium_pothole,141,230,208,263,531
img-531.jpg,major_pothole,168,174,214,187,531
img-531.jpg,medium_pothole,146,157,161,165,531
img-531.jpg,medium_pothole,144,262,284,299,531
img-531.jpg,medium_pothole,75,274,141,300,531
img-532.jpg,medium_pothole,228,150,306,176,532
img-532.jpg,major_pothole,201,196,336,300,532
img-533.jpg,major_pothole,172,121,232,137,533
img-533.jpg,major_pothole,272,104,330,129,533
img-533.jpg,major_pothole,1,171,413,300,533
img-534.jpg,medium_pothole,148,166,184,176,534
img-534.jpg,medium_pothole,1,239,53,256,534
img-534.jpg,major_pothole,253,166,400,180,534
img-534.jpg,major_pothole,184,128,279,143,534
img-534.jpg,major_pothole,175,245,336,290,534
img-535.jpg,major_pothole,153,118,282,159,535
img-535.jpg,major_pothole,181,160,353,227,535
img-535.jpg,medium_pothole,119,72,171,97,535
img-535.jpg,medium_pothole,126,37,160,46,535
img-535.jpg,medium_pothole,121,48,163,59,535
img-536.jpg,major_pothole,1,50,531,300,536
img-537.jpg,major_pothole,90,16,329,300,537
img-538.jpg,major_pothole,125,95,418,275,538
img-539.jpg,major_pothole,229,149,402,195,539
img-539.jpg,minor_pothole,1,50,40,89,539
img-539.jpg,medium_pothole,181,126,297,147,539
img-539.jpg,minor_pothole,1,116,109,193,539
img-540.jpg,major_pothole,181,75,227,96,540
img-540.jpg,major_pothole,175,147,352,299,540
img-541.jpg,major_pothole,168,140,376,300,541
img-542.jpg,medium_pothole,90,1,209,57,542
img-542.jpg,major_pothole,1,53,402,275,542
img-543.jpg,major_pothole,87,85,160,255,543
img-543.jpg,major_pothole,125,85,264,133,543
img-544.jpg,major_pothole,220,153,297,177,544
img-544.jpg,major_pothole,105,164,342,257,544
img-545.jpg,major_pothole,236,103,527,197,545
img-545.jpg,medium_pothole,1,133,134,194,545
img-546.jpg,major_pothole,210,194,367,251,546
img-547.jpg,medium_pothole,124,153,194,191,547
img-547.jpg,major_pothole,133,109,246,142,547
img-547.jpg,major_pothole,35,207,204,339,547
img-548.jpg,major_pothole,124,119,303,205,548
img-548.jpg,medium_pothole,325,87,353,102,548
img-549.jpg,major_pothole,205,149,368,215,549
img-549.jpg,medium_pothole,310,103,377,136,549
img-550.jpg,minor_pothole,267,286,319,300,550
img-550.jpg,major_pothole,110,128,222,182,550
img-550.jpg,major_pothole,41,135,110,190,550
img-550.jpg,minor_pothole,17,210,70,246,550
img-550.jpg,medium_pothole,289,75,368,110,550
img-550.jpg,medium_pothole,260,119,346,164,550
img-550.jpg,medium_pothole,269,170,362,222,550
img-551.jpg,medium_pothole,368,127,390,140,551
img-551.jpg,medium_pothole,398,160,434,182,551
img-551.jpg,major_pothole,436,195,526,221,551
img-551.jpg,major_pothole,314,157,361,176,551
img-551.jpg,medium_pothole,341,114,368,121,551
img-551.jpg,minor_pothole,328,202,372,223,551
img-551.jpg,medium_pothole,291,107,328,120,551
img-552.jpg,medium_pothole,282,137,382,174,552
img-552.jpg,medium_pothole,283,171,383,211,552
img-552.jpg,minor_pothole,141,9,165,17,552
img-552.jpg,medium_pothole,275,206,362,282,552
img-552.jpg,major_pothole,226,96,331,133,552
img-552.jpg,medium_pothole,236,75,298,92,552
img-552.jpg,medium_pothole,118,40,187,61,552
img-552.jpg,major_pothole,196,48,266,71,552
img-552.jpg,major_pothole,1,211,123,275,552
img-552.jpg,medium_pothole,269,35,324,62,552
img-552.jpg,major_pothole,243,22,285,37,552
img-552.jpg,major_pothole,197,16,244,28,552
img-552.jpg,medium_pothole,153,23,200,36,552
img-552.jpg,medium_pothole,88,30,122,40,552
img-552.jpg,medium_pothole,105,17,130,23,552
img-552.jpg,medium_pothole,114,5,137,11,552
img-552.jpg,major_pothole,88,99,245,191,552
img-553.jpg,major_pothole,65,130,253,231,553
img-553.jpg,minor_pothole,220,93,252,103,553
img-554.jpg,major_pothole,15,212,204,253,554
img-554.jpg,major_pothole,150,254,257,297,554
img-554.jpg,medium_pothole,324,232,409,252,554
img-554.jpg,medium_pothole,132,129,231,145,554
img-554.jpg,major_pothole,108,150,183,170,554
img-554.jpg,medium_pothole,182,163,269,191,554
img-554.jpg,medium_pothole,43,126,131,147,554
img-555.jpg,major_pothole,135,135,312,200,555
img-556.jpg,minor_pothole,407,54,414,55,556
img-556.jpg,medium_pothole,420,51,440,54,556
img-556.jpg,medium_pothole,414,60,428,63,556
img-556.jpg,medium_pothole,334,167,397,182,556
img-556.jpg,major_pothole,97,76,124,81,556
img-556.jpg,minor_pothole,291,158,319,177,556
img-556.jpg,medium_pothole,183,106,262,145,556
img-556.jpg,medium_pothole,110,92,119,97,556
img-556.jpg,medium_pothole,137,82,165,96,556
img-556.jpg,major_pothole,143,148,284,196,556
img-556.jpg,minor_pothole,342,186,374,207,556
img-556.jpg,major_pothole,105,103,138,122,556
img-557.jpg,medium_pothole,147,142,246,186,557
img-558.jpg,medium_pothole,92,147,263,193,558
img-558.jpg,minor_pothole,178,132,229,150,558
img-558.jpg,minor_pothole,270,145,293,157,558
img-559.jpg,minor_pothole,1,258,47,300,559
img-559.jpg,major_pothole,268,42,469,197,559
img-560.jpg,medium_pothole,116,140,138,151,560
img-560.jpg,medium_pothole,262,126,292,137,560
img-560.jpg,medium_pothole,246,106,259,112,560
img-560.jpg,major_pothole,182,97,210,105,560
img-561.jpg,medium_pothole,176,38,212,52,561
img-561.jpg,major_pothole,279,1,400,161,561
img-561.jpg,major_pothole,190,5,247,25,561
img-561.jpg,medium_pothole,61,201,179,300,561
img-561.jpg,minor_pothole,2,231,44,255,561
img-561.jpg,minor_pothole,163,57,191,76,561
img-561.jpg,minor_pothole,124,70,160,87,561
img-561.jpg,medium_pothole,339,163,400,193,561
img-561.jpg,major_pothole,20,87,298,191,561
img-562.jpg,medium_pothole,164,110,197,128,562
img-562.jpg,minor_pothole,185,259,228,300,562
img-563.jpg,medium_pothole,204,212,260,252,563
img-563.jpg,major_pothole,312,38,385,71,563
img-564.jpg,medium_pothole,137,124,190,136,564
img-564.jpg,medium_pothole,314,189,360,206,564
img-564.jpg,major_pothole,163,205,245,243,564
img-564.jpg,major_pothole,4,174,109,212,564
img-564.jpg,major_pothole,202,158,304,180,564
img-565.jpg,major_pothole,1,84,388,256,565
img-566.jpg,minor_pothole,82,154,124,188,566
img-566.jpg,medium_pothole,89,118,126,140,566
img-566.jpg,medium_pothole,122,85,139,97,566
img-566.jpg,medium_pothole,135,95,153,106,566
img-566.jpg,medium_pothole,240,120,278,147,566
img-566.jpg,medium_pothole,343,208,381,237,566
img-566.jpg,major_pothole,296,104,344,131,566
img-566.jpg,medium_pothole,218,32,247,44,566
img-566.jpg,medium_pothole,234,52,268,64,566
img-566.jpg,minor_pothole,188,172,232,197,566
img-567.jpg,major_pothole,72,47,403,269,567
img-568.jpg,major_pothole,113,102,268,168,568
img-568.jpg,medium_pothole,90,81,135,101,568
img-569.jpg,major_pothole,158,124,242,146,569
img-569.jpg,major_pothole,151,156,278,190,569
img-570.jpg,major_pothole,285,126,365,172,570
img-570.jpg,medium_pothole,232,188,322,216,570
img-570.jpg,minor_pothole,158,264,215,300,570
img-570.jpg,minor_pothole,416,214,472,240,570
img-570.jpg,medium_pothole,349,39,396,74,570
img-571.jpg,major_pothole,172,152,209,165,571
img-571.jpg,major_pothole,326,178,499,248,571
img-571.jpg,medium_pothole,241,137,323,177,571
img-571.jpg,minor_pothole,216,161,235,167,571
img-571.jpg,minor_pothole,234,166,257,178,571
img-571.jpg,medium_pothole,305,273,373,298,571
img-571.jpg,medium_pothole,181,285,249,300,571
img-571.jpg,medium_pothole,159,253,211,286,571
img-571.jpg,medium_pothole,282,221,323,240,571
img-571.jpg,medium_pothole,204,212,254,237,571
img-571.jpg,medium_pothole,152,206,201,233,571
img-571.jpg,medium_pothole,87,252,131,283,571
img-571.jpg,major_pothole,25,220,107,273,571
img-571.jpg,major_pothole,464,246,533,300,571
img-571.jpg,medium_pothole,236,249,284,279,571
img-572.jpg,medium_pothole,28,125,62,135,572
img-572.jpg,medium_pothole,193,153,291,175,572
img-572.jpg,medium_pothole,287,154,315,169,572
img-573.jpg,medium_pothole,75,122,452,204,573
img-574.jpg,major_pothole,240,71,290,79,574
img-574.jpg,major_pothole,261,194,469,230,574
img-574.jpg,major_pothole,87,158,237,185,574
img-574.jpg,major_pothole,50,135,147,155,574
img-574.jpg,major_pothole,178,122,266,136,574
img-574.jpg,major_pothole,39,107,89,117,574
img-574.jpg,major_pothole,1,100,23,109,574
img-574.jpg,medium_pothole,275,52,343,58,574
img-574.jpg,medium_pothole,303,138,351,155,574
img-575.jpg,major_pothole,117,163,388,267,575
img-575.jpg,major_pothole,189,106,313,134,575
img-575.jpg,medium_pothole,234,48,336,57,575
img-575.jpg,major_pothole,47,87,171,145,575
img-575.jpg,major_pothole,207,60,353,78,575
img-576.jpg,major_pothole,4,141,394,264,576
img-576.jpg,medium_pothole,198,111,283,135,576
img-577.jpg,medium_pothole,339,110,402,131,577
img-577.jpg,medium_pothole,254,141,324,185,577
img-577.jpg,minor_pothole,214,117,248,138,577
img-577.jpg,medium_pothole,359,182,437,218,577
img-577.jpg,minor_pothole,222,204,253,237,577
img-577.jpg,medium_pothole,322,126,363,150,577
img-577.jpg,medium_pothole,432,219,480,259,577
img-577.jpg,major_pothole,366,146,479,189,577
img-577.jpg,major_pothole,37,154,235,234,577
img-577.jpg,medium_pothole,361,227,419,270,577
img-577.jpg,minor_pothole,313,242,354,283,577
img-577.jpg,medium_pothole,274,194,342,237,577
img-577.jpg,medium_pothole,35,241,96,300,577
img-577.jpg,medium_pothole,104,120,141,132,577
img-578.jpg,major_pothole,102,61,378,260,578
img-579.jpg,major_pothole,1,156,400,284,579
img-580.jpg,major_pothole,146,196,202,222,580
img-580.jpg,major_pothole,157,168,185,181,580
img-580.jpg,medium_pothole,231,243,289,269,580
img-581.jpg,minor_pothole,365,227,391,237,581
img-581.jpg,medium_pothole,355,246,401,280,581
img-581.jpg,major_pothole,303,167,402,201,581
img-581.jpg,medium_pothole,293,214,350,243,581
img-581.jpg,major_pothole,66,143,111,160,581
img-581.jpg,major_pothole,79,167,143,204,581
img-582.jpg,major_pothole,29,24,422,276,582
img-583.jpg,major_pothole,338,94,496,154,583
img-584.jpg,medium_pothole,94,77,389,275,584
img-584.jpg,medium_pothole,367,7,448,62,584
img-585.jpg,major_pothole,1,198,383,300,585
img-585.jpg,major_pothole,122,91,296,136,585
img-585.jpg,medium_pothole,44,96,103,113,585
img-585.jpg,major_pothole,80,23,218,75,585
img-585.jpg,major_pothole,188,8,263,21,585
img-586.jpg,major_pothole,1,28,396,252,586
img-587.jpg,major_pothole,78,184,240,254,587
img-587.jpg,medium_pothole,315,182,360,200,587
img-588.jpg,major_pothole,241,143,428,245,588
img-589.jpg,major_pothole,320,216,408,246,589
img-589.jpg,major_pothole,123,145,152,157,589
img-589.jpg,medium_pothole,78,141,94,148,589
img-589.jpg,major_pothole,175,142,213,156,589
img-589.jpg,medium_pothole,231,169,284,177,589
img-589.jpg,medium_pothole,154,130,168,137,589
img-589.jpg,major_pothole,236,175,272,185,589
img-589.jpg,medium_pothole,181,171,212,185,589
img-589.jpg,major_pothole,87,172,147,196,589
img-589.jpg,medium_pothole,201,219,238,236,589
img-589.jpg,major_pothole,301,173,323,183,589
img-589.jpg,major_pothole,141,233,203,262,589
img-590.jpg,major_pothole,92,131,475,300,590
img-591.jpg,medium_pothole,83,181,446,294,591
img-591.jpg,medium_pothole,129,99,368,165,591
img-592.jpg,major_pothole,90,154,184,200,592
img-592.jpg,medium_pothole,154,30,171,38,592
img-592.jpg,medium_pothole,123,29,142,34,592
img-593.jpg,major_pothole,172,184,356,255,593
img-593.jpg,major_pothole,293,153,486,189,593
img-593.jpg,major_pothole,369,124,521,161,593
img-594.jpg,major_pothole,195,120,389,172,594
img-594.jpg,minor_pothole,126,80,168,100,594
img-594.jpg,medium_pothole,332,4,379,23,594
img-594.jpg,medium_pothole,58,99,146,142,594
img-594.jpg,medium_pothole,22,59,87,83,594
img-594.jpg,major_pothole,120,8,179,34,594
img-595.jpg,medium_pothole,109,61,134,72,595
img-595.jpg,medium_pothole,253,204,300,245,595
img-595.jpg,major_pothole,45,113,162,162,595
img-595.jpg,medium_pothole,184,106,230,126,595
img-595.jpg,medium_pothole,243,117,285,147,595
img-595.jpg,minor_pothole,285,146,300,164,595
img-595.jpg,medium_pothole,166,48,212,64,595
img-595.jpg,medium_pothole,117,75,174,94,595
img-595.jpg,major_pothole,162,155,241,214,595
img-595.jpg,medium_pothole,37,59,95,80,595
img-595.jpg,medium_pothole,157,27,197,39,595
img-595.jpg,medium_pothole,192,264,291,300,595
img-595.jpg,medium_pothole,66,38,140,58,595
img-595.jpg,major_pothole,199,11,253,32,595
img-595.jpg,medium_pothole,151,96,192,112,595
img-595.jpg,minor_pothole,198,80,217,91,595
img-595.jpg,medium_pothole,1,198,26,230,595
img-595.jpg,medium_pothole,194,33,224,44,595
img-595.jpg,major_pothole,33,215,164,298,595
img-596.jpg,major_pothole,1,62,450,280,596
img-597.jpg,medium_pothole,163,192,280,244,597
img-597.jpg,minor_pothole,208,283,252,300,597
img-598.jpg,medium_pothole,471,191,529,300,598
img-598.jpg,medium_pothole,22,130,73,151,598
img-598.jpg,major_pothole,220,162,300,195,598
img-598.jpg,major_pothole,214,51,286,68,598
img-598.jpg,medium_pothole,275,64,313,77,598
img-599.jpg,major_pothole,308,197,311,199,599
img-599.jpg,major_pothole,268,88,297,94,599
img-599.jpg,medium_pothole,316,67,327,69,599
img-599.jpg,medium_pothole,385,134,410,141,599
img-599.jpg,medium_pothole,286,76,306,81,599
img-599.jpg,major_pothole,300,71,324,77,599
img-599.jpg,major_pothole,208,82,225,86,599
img-599.jpg,minor_pothole,237,100,245,102,599
img-599.jpg,minor_pothole,329,118,344,122,599
img-599.jpg,minor_pothole,397,108,412,114,599
img-599.jpg,medium_pothole,407,121,437,139,599
img-599.jpg,minor_pothole,412,70,421,73,599
img-599.jpg,medium_pothole,368,145,429,176,599
img-599.jpg,medium_pothole,349,112,362,118,599
img-599.jpg,major_pothole,317,104,346,116,599
img-599.jpg,major_pothole,331,88,381,98,599
img-599.jpg,major_pothole,308,184,414,213,599
img-599.jpg,major_pothole,242,160,285,180,599
img-599.jpg,major_pothole,326,225,413,285,599
img-599.jpg,major_pothole,182,126,209,137,599
img-599.jpg,major_pothole,0,126,59,148,599
img-599.jpg,major_pothole,168,182,255,220,599
img-599.jpg,medium_pothole,321,153,342,165,599
img-600.jpg,medium_pothole,352,51,388,61,600
img-600.jpg,medium_pothole,344,61,388,75,600
img-600.jpg,medium_pothole,335,86,386,110,600
img-600.jpg,major_pothole,235,123,348,163,600
img-600.jpg,major_pothole,166,159,328,225,600
img-601.jpg,medium_pothole,118,163,275,206,601
img-601.jpg,major_pothole,114,76,425,124,601
img-602.jpg,medium_pothole,122,112,350,244,602
img-603.jpg,major_pothole,1,129,300,364,603
img-604.jpg,medium_pothole,1,112,45,121,604
img-604.jpg,major_pothole,1,211,314,300,604
img-604.jpg,medium_pothole,1,101,44,111,604
img-604.jpg,medium_pothole,67,94,106,101,604
img-604.jpg,major_pothole,1,137,153,177,604
img-604.jpg,medium_pothole,71,106,136,117,604
img-604.jpg,medium_pothole,255,128,360,159,604
img-604.jpg,medium_pothole,273,160,375,208,604
img-604.jpg,medium_pothole,166,113,205,128,604
img-605.jpg,major_pothole,70,76,382,265,605
img-606.jpg,major_pothole,191,49,411,300,606
img-607.jpg,major_pothole,52,100,417,266,607
img-608.jpg,major_pothole,16,176,257,357,608
img-609.jpg,major_pothole,254,74,394,114,609
img-609.jpg,minor_pothole,34,152,112,178,609
img-609.jpg,major_pothole,86,141,321,289,609
img-609.jpg,major_pothole,271,63,315,74,609
img-609.jpg,medium_pothole,391,120,400,140,609
img-610.jpg,medium_pothole,125,147,195,172,610
img-610.jpg,minor_pothole,1,211,69,238,610
img-610.jpg,medium_pothole,61,157,106,175,610
img-610.jpg,major_pothole,102,212,237,282,610
img-611.jpg,major_pothole,47,99,396,193,611
img-612.jpg,major_pothole,19,117,305,254,612
img-612.jpg,medium_pothole,226,59,272,74,612
img-612.jpg,minor_pothole,221,96,262,111,612
img-612.jpg,minor_pothole,314,89,360,103,612
img-613.jpg,major_pothole,107,95,392,205,613
img-613.jpg,minor_pothole,14,51,111,71,613
img-613.jpg,minor_pothole,242,214,288,259,613
img-614.jpg,medium_pothole,221,38,271,60,614
img-614.jpg,major_pothole,168,93,339,295,614
img-615.jpg,major_pothole,24,73,358,198,615
img-616.jpg,major_pothole,420,193,451,216,616
img-616.jpg,medium_pothole,262,111,285,119,616
img-616.jpg,medium_pothole,148,161,169,172,616
img-616.jpg,major_pothole,93,155,340,240,616
img-616.jpg,medium_pothole,304,121,366,142,616
img-617.jpg,medium_pothole,210,207,272,223,617
img-617.jpg,medium_pothole,249,207,285,243,617
img-617.jpg,major_pothole,166,169,214,176,617
img-617.jpg,major_pothole,174,186,209,198,617
img-617.jpg,major_pothole,84,245,287,297,617
img-618.jpg,major_pothole,213,224,328,300,618
img-618.jpg,medium_pothole,310,180,345,219,618
img-618.jpg,major_pothole,244,100,323,185,618
img-618.jpg,medium_pothole,300,52,335,102,618
img-618.jpg,major_pothole,270,47,298,57,618
img-618.jpg,medium_pothole,116,137,185,202,618
img-618.jpg,major_pothole,248,69,300,93,618
img-619.jpg,major_pothole,159,107,348,189,619
img-620.jpg,major_pothole,53,210,409,271,620
img-620.jpg,medium_pothole,494,224,534,238,620
img-621.jpg,medium_pothole,224,65,287,87,621
img-621.jpg,medium_pothole,198,146,240,183,621
img-621.jpg,major_pothole,7,44,114,117,621
img-621.jpg,major_pothole,1,25,49,40,621
img-621.jpg,major_pothole,147,45,214,69,621
img-621.jpg,medium_pothole,3,158,45,221,621
img-622.jpg,medium_pothole,359,0,401,12,622
img-622.jpg,medium_pothole,408,7,434,22,622
img-622.jpg,major_pothole,271,23,316,35,622
img-622.jpg,minor_pothole,571,131,606,158,622
img-622.jpg,medium_pothole,484,120,516,148,622
img-622.jpg,medium_pothole,404,80,452,125,622
img-622.jpg,medium_pothole,327,55,392,82,622
img-622.jpg,minor_pothole,281,248,339,295,622
img-622.jpg,major_pothole,198,0,254,8,622
img-622.jpg,major_pothole,269,2,348,17,622
img-622.jpg,major_pothole,355,15,406,51,622
img-622.jpg,major_pothole,96,65,311,192,622
img-622.jpg,major_pothole,313,147,535,299,622
img-622.jpg,major_pothole,445,70,496,101,622
img-622.jpg,major_pothole,196,13,234,32,622
img-622.jpg,minor_pothole,439,26,462,37,622
img-623.jpg,major_pothole,94,51,414,267,623
img-624.jpg,major_pothole,71,166,159,201,624
img-624.jpg,medium_pothole,398,149,427,171,624
img-624.jpg,minor_pothole,305,147,343,157,624
img-624.jpg,medium_pothole,93,117,112,126,624
img-624.jpg,major_pothole,92,129,125,140,624
img-624.jpg,major_pothole,178,195,247,230,624
img-624.jpg,major_pothole,20,136,57,151,624
img-624.jpg,major_pothole,60,143,94,160,624
img-624.jpg,medium_pothole,291,282,339,300,624
img-624.jpg,medium_pothole,126,239,185,286,624
img-624.jpg,medium_pothole,128,127,184,143,624
img-625.jpg,major_pothole,72,128,460,196,625
img-625.jpg,medium_pothole,72,200,232,271,625
img-625.jpg,medium_pothole,254,201,472,280,625
img-626.jpg,major_pothole,114,101,310,157,626
img-626.jpg,minor_pothole,414,76,450,90,626
img-627.jpg,major_pothole,85,198,214,252,627
img-627.jpg,medium_pothole,383,231,482,262,627
img-628.jpg,major_pothole,114,59,330,220,628
img-629.jpg,major_pothole,93,56,279,204,629
img-630.jpg,major_pothole,32,164,306,283,630
img-630.jpg,major_pothole,257,123,359,157,630
img-631.jpg,major_pothole,351,26,452,86,631
img-631.jpg,medium_pothole,84,82,177,111,631
img-631.jpg,major_pothole,2,92,452,297,631
img-632.jpg,major_pothole,41,227,132,256,632
img-633.jpg,major_pothole,57,74,367,184,633
img-634.jpg,minor_pothole,208,151,240,160,634
img-634.jpg,major_pothole,191,161,236,177,634
img-634.jpg,major_pothole,244,112,277,142,634
img-634.jpg,medium_pothole,205,110,223,119,634
img-634.jpg,major_pothole,254,57,276,73,634
img-634.jpg,medium_pothole,330,213,369,258,634
img-634.jpg,major_pothole,212,76,250,100,634
img-634.jpg,medium_pothole,287,75,313,99,634
img-634.jpg,medium_pothole,320,170,345,204,634
img-634.jpg,medium_pothole,201,122,219,128,634
img-634.jpg,medium_pothole,305,116,325,137,634
img-634.jpg,medium_pothole,215,101,228,108,634
img-634.jpg,medium_pothole,229,47,245,54,634
img-635.jpg,major_pothole,1,85,300,240,635
img-636.jpg,major_pothole,132,158,288,188,636
img-636.jpg,medium_pothole,302,75,317,85,636
img-636.jpg,major_pothole,201,128,290,144,636
img-636.jpg,major_pothole,379,147,450,184,636
img-636.jpg,medium_pothole,322,108,381,129,636
img-636.jpg,major_pothole,1,226,149,282,636
img-636.jpg,medium_pothole,243,110,272,119,636
img-637.jpg,major_pothole,143,57,191,68,637
img-637.jpg,medium_pothole,100,232,157,255,637
img-638.jpg,major_pothole,22,27,489,272,638
img-639.jpg,major_pothole,92,28,383,103,639
img-640.jpg,major_pothole,66,131,303,242,640
img-641.jpg,medium_pothole,13,87,202,173,641
img-642.jpg,major_pothole,86,135,173,159,642
img-642.jpg,major_pothole,77,209,247,301,642
img-642.jpg,medium_pothole,218,330,294,381,642
img-643.jpg,major_pothole,170,169,315,215,643
img-644.jpg,major_pothole,104,83,196,138,644
img-644.jpg,major_pothole,101,28,244,64,644
img-644.jpg,major_pothole,29,163,248,361,644
img-645.jpg,medium_pothole,171,227,384,289,645
img-646.jpg,major_pothole,143,174,397,244,646
img-647.jpg,major_pothole,189,83,386,265,647
img-648.jpg,major_pothole,144,213,240,237,648
img-648.jpg,medium_pothole,228,200,384,215,648
img-648.jpg,major_pothole,347,180,428,193,648
img-648.jpg,major_pothole,244,153,307,162,648
img-648.jpg,major_pothole,159,128,217,141,648
img-648.jpg,major_pothole,326,124,378,134,648
img-648.jpg,medium_pothole,512,197,557,209,648
img-648.jpg,medium_pothole,501,172,546,182,648
img-648.jpg,major_pothole,459,158,515,170,648
img-648.jpg,medium_pothole,560,232,720,266,648
img-648.jpg,major_pothole,262,231,419,262,648
img-648.jpg,medium_pothole,1,194,88,248,648
img-649.jpg,major_pothole,151,71,359,175,649
img-649.jpg,medium_pothole,359,208,510,299,649
img-650.jpg,medium_pothole,139,212,214,258,650
img-650.jpg,medium_pothole,206,193,269,218,650
img-651.jpg,major_pothole,128,118,306,214,651
img-652.jpg,major_pothole,133,195,423,297,652
img-652.jpg,major_pothole,1,150,194,229,652
img-652.jpg,major_pothole,1,107,111,142,652
img-653.jpg,medium_pothole,1,57,87,126,653
img-653.jpg,minor_pothole,60,1,124,14,653
img-653.jpg,major_pothole,52,80,379,259,653
img-654.jpg,medium_pothole,238,179,381,221,654
img-654.jpg,minor_pothole,270,169,290,177,654
img-654.jpg,medium_pothole,43,43,80,52,654
img-655.jpg,medium_pothole,525,126,534,143,655
img-655.jpg,minor_pothole,481,49,533,106,655
img-655.jpg,medium_pothole,171,44,239,72,655
img-655.jpg,medium_pothole,0,51,17,83,655
img-655.jpg,medium_pothole,297,0,363,13,655
img-655.jpg,major_pothole,297,88,452,139,655
img-655.jpg,major_pothole,103,86,282,145,655
img-655.jpg,major_pothole,370,170,533,276,655
img-655.jpg,major_pothole,0,190,165,273,655
img-655.jpg,major_pothole,17,56,146,102,655
img-656.jpg,major_pothole,76,199,234,295,656
img-656.jpg,medium_pothole,145,52,171,58,656
img-657.jpg,major_pothole,7,76,383,232,657
img-658.jpg,medium_pothole,136,63,182,82,658
img-658.jpg,major_pothole,66,240,229,314,658
img-658.jpg,medium_pothole,88,168,130,188,658
img-658.jpg,medium_pothole,224,175,283,226,658
img-659.jpg,major_pothole,93,173,462,243,659
img-660.jpg,medium_pothole,212,226,288,274,660
img-661.jpg,major_pothole,113,125,531,300,661
img-662.jpg,major_pothole,169,205,239,233,662
img-662.jpg,major_pothole,216,241,260,267,662
img-662.jpg,medium_pothole,260,166,306,183,662
img-662.jpg,medium_pothole,157,144,180,153,662
img-662.jpg,major_pothole,293,244,337,277,662
img-663.jpg,medium_pothole,248,48,271,56,663
img-663.jpg,medium_pothole,232,21,252,28,663
img-663.jpg,minor_pothole,244,42,261,50,663
img-663.jpg,medium_pothole,257,54,283,64,663
img-663.jpg,medium_pothole,262,64,294,74,663
img-663.jpg,major_pothole,268,72,318,99,663
img-663.jpg,major_pothole,29,125,126,149,663
img-663.jpg,major_pothole,52,232,157,276,663
img-663.jpg,minor_pothole,197,37,211,51,663
img-663.jpg,medium_pothole,69,153,123,181,663
img-663.jpg,minor_pothole,79,112,121,124,663
img-663.jpg,minor_pothole,110,75,150,84,663
img-663.jpg,minor_pothole,177,76,208,91,663
img-663.jpg,minor_pothole,222,128,247,141,663
img-663.jpg,medium_pothole,118,51,145,62,663
img-663.jpg,medium_pothole,142,171,190,207,663
img-663.jpg,minor_pothole,191,57,206,69,663
img-664.jpg,major_pothole,1,57,377,227,664
img-665.jpg,major_pothole,114,129,284,197,665
img-666.jpg,major_pothole,162,366,551,578,666
img-667.jpg,medium_pothole,98,453,175,482,667
img-667.jpg,medium_pothole,228,483,286,552,667
img-667.jpg,medium_pothole,659,451,722,493,667
img-667.jpg,major_pothole,415,394,616,522,667
img-668.jpg,major_pothole,350,483,471,549,668
img-669.jpg,major_pothole,264,96,351,159,669
img-670.jpg,medium_pothole,1,59,15,69,670
img-670.jpg,minor_pothole,128,50,140,53,670
img-670.jpg,medium_pothole,128,56,140,56,670
img-670.jpg,minor_pothole,123,75,130,81,670
img-670.jpg,minor_pothole,22,41,26,47,670
img-670.jpg,minor_pothole,26,38,35,43,670
img-670.jpg,medium_pothole,0,98,6,105,670
img-670.jpg,medium_pothole,0,68,26,81,670
img-670.jpg,medium_pothole,56,9,61,12,670
img-670.jpg,medium_pothole,31,32,39,36,670
img-670.jpg,minor_pothole,62,22,66,24,670
img-670.jpg,minor_pothole,18,63,21,66,670
img-670.jpg,medium_pothole,20,59,25,63,670
img-670.jpg,medium_pothole,21,50,31,58,670
img-670.jpg,medium_pothole,37,24,45,27,670
img-670.jpg,medium_pothole,38,17,44,22,670
img-670.jpg,minor_pothole,60,18,64,20,670
img-671.jpg,major_pothole,0,21,78,115,671
img-672.jpg,major_pothole,63,92,511,225,672
img-673.jpg,minor_pothole,337,291,383,313,673
img-673.jpg,major_pothole,164,182,274,237,673
img-674.jpg,major_pothole,206,97,280,125,674
img-676.jpg,major_pothole,163,138,360,211,676
img-676.jpg,major_pothole,61,14,259,86,676
img-677.jpg,major_pothole,44,147,407,345,677
img-678.jpg,major_pothole,357,240,486,301,678
img-678.jpg,medium_pothole,514,157,554,175,678
img-679.jpg,major_pothole,558,912,1722,1534,679
img-680.jpg,medium_pothole,74,82,429,212,680
img-681.jpg,major_pothole,398,400,917,634,681
img-682.jpg,major_pothole,323,352,621,456,682
img-683.jpg,major_pothole,379,317,756,505,683
img-684.jpg,medium_pothole,371,139,396,151,684
img-684.jpg,medium_pothole,366,175,391,193,684
img-684.jpg,medium_pothole,369,99,396,124,684
img-684.jpg,major_pothole,334,208,446,444,684
img-685.jpg,major_pothole,104,174,281,291,685
img-686.jpg,major_pothole,160,153,524,252,686
img-687.jpg,medium_pothole,463,195,616,346,687
img-688.jpg,medium_pothole,260,168,276,183,688
img-689.jpg,medium_pothole,40,261,63,277,689
img-690.jpg,major_pothole,305,253,387,278,690
img-691.jpg,major_pothole,78,100,260,222,691
img-692.jpg,minor_pothole,678,93,740,123,692
img-692.jpg,major_pothole,213,151,511,348,692
img-692.jpg,medium_pothole,777,220,833,307,692
img-693.jpg,medium_pothole,1,225,24,250,693
img-693.jpg,medium_pothole,57,160,83,166,693
img-693.jpg,medium_pothole,251,252,334,271,693
img-693.jpg,minor_pothole,28,311,87,345,693
img-693.jpg,medium_pothole,453,269,489,283,693
img-693.jpg,minor_pothole,443,297,469,298,693
img-693.jpg,medium_pothole,3,168,32,180,693
img-693.jpg,minor_pothole,362,308,414,333,693
img-693.jpg,medium_pothole,74,154,98,159,693
img-693.jpg,medium_pothole,39,204,87,222,693
img-693.jpg,medium_pothole,23,149,40,157,693
img-694.jpg,major_pothole,0,222,439,627,694
img-695.jpg,medium_pothole,729,333,853,379,695
img-695.jpg,medium_pothole,251,357,586,412,695
img-696.jpg,major_pothole,478,504,656,569,696
img-697.jpg,medium_pothole,378,86,683,226,697
img-697.jpg,major_pothole,386,369,794,576,697
img-698.jpg,major_pothole,61,276,569,636,698
img-699.jpg,medium_pothole,420,308,505,329,699
img-699.jpg,minor_pothole,399,347,474,392,699
img-699.jpg,minor_pothole,455,398,519,416,699
img-699.jpg,minor_pothole,513,291,577,310,699
img-699.jpg,medium_pothole,471,414,534,436,699
img-700.jpg,medium_pothole,461,369,502,396,700
img-701.jpg,medium_pothole,266,363,316,393,701
img-702.jpg,medium_pothole,312,301,438,344,702
img-703.jpg,minor_pothole,415,686,602,790,703
img-703.jpg,medium_pothole,572,373,694,454,703
img-703.jpg,major_pothole,394,224,574,305,703
img-703.jpg,medium_pothole,475,475,641,577,703
img-704.jpg,major_pothole,107,194,230,239,704
img-705.jpg,minor_pothole,861,165,997,231,705
img-705.jpg,major_pothole,32,124,827,240,705
img-706.jpg,major_pothole,308,192,601,391,706
img-707.jpg,medium_pothole,609,751,676,976,707
img-707.jpg,minor_pothole,502,1095,564,1349,707
img-708.jpg,medium_pothole,688,564,761,885,708
img-708.jpg,minor_pothole,609,1089,704,1518,708
img-709.jpg,minor_pothole,496,1123,563,1433,709
img-709.jpg,medium_pothole,604,813,677,1027,709
img-710.jpg,medium_pothole,615,768,914,869,710
img-710.jpg,minor_pothole,1140,897,1484,992,710
img-711.jpg,medium_pothole,363,752,699,886,711
img-712.jpg,medium_pothole,340,667,765,805,712
img-713.jpg,medium_pothole,304,596,662,708,713
img-714.jpg,medium_pothole,484,766,672,927,714
img-715.jpg,medium_pothole,608,393,1041,708,715
img-716.jpg,medium_pothole,497,851,662,998,716
img-717.jpg,medium_pothole,667,878,725,913,717
